"No.","Time","Source","Destination","Protocol","Length","Info"
"1","0.000000000","172.17.0.3","172.17.0.2","ICMP","98","Echo (ping) request  id=0x0005, seq=215/55040, ttl=64 (reply in 2)"
"2","0.000047859","172.17.0.2","172.17.0.3","ICMP","98","Echo (ping) reply    id=0x0005, seq=215/55040, ttl=64 (request in 1)"
"3","1.023964333","172.17.0.3","172.17.0.2","ICMP","98","Echo (ping) request  id=0x0005, seq=216/55296, ttl=64 (reply in 4)"
"4","1.023998125","172.17.0.2","172.17.0.3","ICMP","98","Echo (ping) reply    id=0x0005, seq=216/55296, ttl=64 (request in 3)"
"5","2.047996454","172.17.0.3","172.17.0.2","ICMP","98","Echo (ping) request  id=0x0005, seq=217/55552, ttl=64 (reply in 6)"
"6","2.048030256","172.17.0.2","172.17.0.3","ICMP","98","Echo (ping) reply    id=0x0005, seq=217/55552, ttl=64 (request in 5)"
"7","3.072341814","172.17.0.3","172.17.0.2","ICMP","98","Echo (ping) request  id=0x0005, seq=218/55808, ttl=64 (reply in 8)"
"8","3.072416041","172.17.0.2","172.17.0.3","ICMP","98","Echo (ping) reply    id=0x0005, seq=218/55808, ttl=64 (request in 7)"
"9","4.099958078","172.17.0.3","172.17.0.2","ICMP","98","Echo (ping) request  id=0x0005, seq=219/56064, ttl=64 (reply in 10)"
"10","4.099985148","172.17.0.2","172.17.0.3","ICMP","98","Echo (ping) reply    id=0x0005, seq=219/56064, ttl=64 (request in 9)"
"11","5.120082292","172.17.0.3","172.17.0.2","ICMP","98","Echo (ping) request  id=0x0005, seq=220/56320, ttl=64 (reply in 12)"
"12","5.120197855","172.17.0.2","172.17.0.3","ICMP","98","Echo (ping) reply    id=0x0005, seq=220/56320, ttl=64 (request in 11)"
"13","6.144391743","172.17.0.3","172.17.0.2","ICMP","98","Echo (ping) request  id=0x0005, seq=221/56576, ttl=64 (reply in 14)"
"14","6.144473263","172.17.0.2","172.17.0.3","ICMP","98","Echo (ping) reply    id=0x0005, seq=221/56576, ttl=64 (request in 13)"
"15","7.168221029","172.17.0.3","172.17.0.2","ICMP","98","Echo (ping) request  id=0x0005, seq=222/56832, ttl=64 (reply in 16)"
"16","7.168263437","172.17.0.2","172.17.0.3","ICMP","98","Echo (ping) reply    id=0x0005, seq=222/56832, ttl=64 (request in 15)"
"17","8.192347711","172.17.0.3","172.17.0.2","ICMP","98","Echo (ping) request  id=0x0005, seq=223/57088, ttl=64 (reply in 18)"
"18","8.192405397","172.17.0.2","172.17.0.3","ICMP","98","Echo (ping) reply    id=0x0005, seq=223/57088, ttl=64 (request in 17)"
"19","9.216062974","172.17.0.3","172.17.0.2","ICMP","98","Echo (ping) request  id=0x0005, seq=224/57344, ttl=64 (reply in 20)"
"20","9.216124808","172.17.0.2","172.17.0.3","ICMP","98","Echo (ping) reply    id=0x0005, seq=224/57344, ttl=64 (request in 19)"
"21","10.240315396","172.17.0.3","172.17.0.2","ICMP","98","Echo (ping) request  id=0x0005, seq=225/57600, ttl=64 (reply in 22)"
"22","10.240399651","172.17.0.2","172.17.0.3","ICMP","98","Echo (ping) reply    id=0x0005, seq=225/57600, ttl=64 (request in 21)"
"23","11.264733883","172.17.0.3","172.17.0.2","ICMP","98","Echo (ping) request  id=0x0005, seq=226/57856, ttl=64 (reply in 24)"
"24","11.264782803","172.17.0.2","172.17.0.3","ICMP","98","Echo (ping) reply    id=0x0005, seq=226/57856, ttl=64 (request in 23)"
"25","12.288643839","172.17.0.3","172.17.0.2","ICMP","98","Echo (ping) request  id=0x0005, seq=227/58112, ttl=64 (reply in 26)"
"26","12.288713047","172.17.0.2","172.17.0.3","ICMP","98","Echo (ping) reply    id=0x0005, seq=227/58112, ttl=64 (request in 25)"
"27","13.312215616","172.17.0.3","172.17.0.2","ICMP","98","Echo (ping) request  id=0x0005, seq=228/58368, ttl=64 (reply in 28)"
"28","13.312288391","172.17.0.2","172.17.0.3","ICMP","98","Echo (ping) reply    id=0x0005, seq=228/58368, ttl=64 (request in 27)"
"29","13.408227330","02:42:ac:11:00:03","02:42:ac:11:00:02","ARP","42","Who has 172.17.0.2? Tell 172.17.0.3"
"30","13.408262765","02:42:ac:11:00:02","02:42:ac:11:00:03","ARP","42","172.17.0.2 is at 02:42:ac:11:00:02"
"31","14.336332243","172.17.0.3","172.17.0.2","ICMP","98","Echo (ping) request  id=0x0005, seq=229/58624, ttl=64 (reply in 32)"
"32","14.336393075","172.17.0.2","172.17.0.3","ICMP","98","Echo (ping) reply    id=0x0005, seq=229/58624, ttl=64 (request in 31)"
"33","15.360450820","172.17.0.3","172.17.0.2","ICMP","98","Echo (ping) request  id=0x0005, seq=230/58880, ttl=64 (reply in 34)"
"34","15.360549532","172.17.0.2","172.17.0.3","ICMP","98","Echo (ping) reply    id=0x0005, seq=230/58880, ttl=64 (request in 33)"
"35","16.384217492","172.17.0.3","172.17.0.2","ICMP","98","Echo (ping) request  id=0x0005, seq=231/59136, ttl=64 (reply in 36)"
"36","16.384291950","172.17.0.2","172.17.0.3","ICMP","98","Echo (ping) reply    id=0x0005, seq=231/59136, ttl=64 (request in 35)"
"37","17.408062111","172.17.0.3","172.17.0.2","ICMP","98","Echo (ping) request  id=0x0005, seq=232/59392, ttl=64 (reply in 38)"
"38","17.408138573","172.17.0.2","172.17.0.3","ICMP","98","Echo (ping) reply    id=0x0005, seq=232/59392, ttl=64 (request in 37)"
"39","18.432272429","172.17.0.3","172.17.0.2","ICMP","98","Echo (ping) request  id=0x0005, seq=233/59648, ttl=64 (reply in 40)"
"40","18.432331698","172.17.0.2","172.17.0.3","ICMP","98","Echo (ping) reply    id=0x0005, seq=233/59648, ttl=64 (request in 39)"
"41","19.456142720","172.17.0.3","172.17.0.2","ICMP","98","Echo (ping) request  id=0x0005, seq=234/59904, ttl=64 (reply in 42)"
"42","19.456183405","172.17.0.2","172.17.0.3","ICMP","98","Echo (ping) reply    id=0x0005, seq=234/59904, ttl=64 (request in 41)"
"43","20.480039389","172.17.0.3","172.17.0.2","ICMP","98","Echo (ping) request  id=0x0005, seq=235/60160, ttl=64 (reply in 44)"
"44","20.480115169","172.17.0.2","172.17.0.3","ICMP","98","Echo (ping) reply    id=0x0005, seq=235/60160, ttl=64 (request in 43)"
"45","21.504224402","172.17.0.3","172.17.0.2","ICMP","98","Echo (ping) request  id=0x0005, seq=236/60416, ttl=64 (reply in 46)"
"46","21.504281468","172.17.0.2","172.17.0.3","ICMP","98","Echo (ping) reply    id=0x0005, seq=236/60416, ttl=64 (request in 45)"
"47","22.528007694","172.17.0.3","172.17.0.2","ICMP","98","Echo (ping) request  id=0x0005, seq=237/60672, ttl=64 (reply in 48)"
"48","22.528081590","172.17.0.2","172.17.0.3","ICMP","98","Echo (ping) reply    id=0x0005, seq=237/60672, ttl=64 (request in 47)"
"49","23.556281028","172.17.0.3","172.17.0.2","ICMP","98","Echo (ping) request  id=0x0005, seq=238/60928, ttl=64 (reply in 50)"
"50","23.556338975","172.17.0.2","172.17.0.3","ICMP","98","Echo (ping) reply    id=0x0005, seq=238/60928, ttl=64 (request in 49)"
"51","24.576316942","172.17.0.3","172.17.0.2","ICMP","98","Echo (ping) request  id=0x0005, seq=239/61184, ttl=64 (reply in 52)"
"52","24.576402870","172.17.0.2","172.17.0.3","ICMP","98","Echo (ping) reply    id=0x0005, seq=239/61184, ttl=64 (request in 51)"
"53","25.600176291","172.17.0.3","172.17.0.2","ICMP","98","Echo (ping) request  id=0x0005, seq=240/61440, ttl=64 (reply in 54)"
"54","25.600248404","172.17.0.2","172.17.0.3","ICMP","98","Echo (ping) reply    id=0x0005, seq=240/61440, ttl=64 (request in 53)"
"55","26.624228664","172.17.0.3","172.17.0.2","ICMP","98","Echo (ping) request  id=0x0005, seq=241/61696, ttl=64 (reply in 56)"
"56","26.624287963","172.17.0.2","172.17.0.3","ICMP","98","Echo (ping) reply    id=0x0005, seq=241/61696, ttl=64 (request in 55)"
"57","27.648135748","172.17.0.3","172.17.0.2","ICMP","98","Echo (ping) request  id=0x0005, seq=242/61952, ttl=64 (reply in 58)"
"58","27.648177285","172.17.0.2","172.17.0.3","ICMP","98","Echo (ping) reply    id=0x0005, seq=242/61952, ttl=64 (request in 57)"
"59","28.672000100","172.17.0.3","172.17.0.2","ICMP","98","Echo (ping) request  id=0x0005, seq=243/62208, ttl=64 (reply in 60)"
"60","28.672043090","172.17.0.2","172.17.0.3","ICMP","98","Echo (ping) reply    id=0x0005, seq=243/62208, ttl=64 (request in 59)"
"61","29.696220496","172.17.0.3","172.17.0.2","ICMP","98","Echo (ping) request  id=0x0005, seq=244/62464, ttl=64 (reply in 62)"
"62","29.696283712","172.17.0.2","172.17.0.3","ICMP","98","Echo (ping) reply    id=0x0005, seq=244/62464, ttl=64 (request in 61)"
"63","30.720158015","172.17.0.3","172.17.0.2","ICMP","98","Echo (ping) request  id=0x0005, seq=245/62720, ttl=64 (reply in 64)"
"64","30.720226963","172.17.0.2","172.17.0.3","ICMP","98","Echo (ping) reply    id=0x0005, seq=245/62720, ttl=64 (request in 63)"
"65","31.744227368","172.17.0.3","172.17.0.2","ICMP","98","Echo (ping) request  id=0x0005, seq=246/62976, ttl=64 (reply in 66)"
"66","31.744308027","172.17.0.2","172.17.0.3","ICMP","98","Echo (ping) reply    id=0x0005, seq=246/62976, ttl=64 (request in 65)"
"67","32.768212936","172.17.0.3","172.17.0.2","ICMP","98","Echo (ping) request  id=0x0005, seq=247/63232, ttl=64 (reply in 68)"
"68","32.768273578","172.17.0.2","172.17.0.3","ICMP","98","Echo (ping) reply    id=0x0005, seq=247/63232, ttl=64 (request in 67)"
"69","33.792234200","172.17.0.3","172.17.0.2","ICMP","98","Echo (ping) request  id=0x0005, seq=248/63488, ttl=64 (reply in 70)"
"70","33.792293629","172.17.0.2","172.17.0.3","ICMP","98","Echo (ping) reply    id=0x0005, seq=248/63488, ttl=64 (request in 69)"
"71","34.816046041","172.17.0.3","172.17.0.2","ICMP","98","Echo (ping) request  id=0x0005, seq=249/63744, ttl=64 (reply in 72)"
"72","34.816104378","172.17.0.2","172.17.0.3","ICMP","98","Echo (ping) reply    id=0x0005, seq=249/63744, ttl=64 (request in 71)"
"73","35.840295049","172.17.0.3","172.17.0.2","ICMP","98","Echo (ping) request  id=0x0005, seq=250/64000, ttl=64 (reply in 74)"
"74","35.840353297","172.17.0.2","172.17.0.3","ICMP","98","Echo (ping) reply    id=0x0005, seq=250/64000, ttl=64 (request in 73)"
"75","36.864128525","172.17.0.3","172.17.0.2","ICMP","98","Echo (ping) request  id=0x0005, seq=251/64256, ttl=64 (reply in 76)"
"76","36.864171895","172.17.0.2","172.17.0.3","ICMP","98","Echo (ping) reply    id=0x0005, seq=251/64256, ttl=64 (request in 75)"
"77","37.888341805","172.17.0.3","172.17.0.2","ICMP","98","Echo (ping) request  id=0x0005, seq=252/64512, ttl=64 (reply in 78)"
"78","37.888400354","172.17.0.2","172.17.0.3","ICMP","98","Echo (ping) reply    id=0x0005, seq=252/64512, ttl=64 (request in 77)"
"79","37.984144434","02:42:ac:11:00:02","02:42:ac:11:00:03","ARP","42","Who has 172.17.0.3? Tell 172.17.0.2"
"80","37.984210707","02:42:ac:11:00:03","02:42:ac:11:00:02","ARP","42","172.17.0.3 is at 02:42:ac:11:00:03"
"81","38.912336435","172.17.0.3","172.17.0.2","ICMP","98","Echo (ping) request  id=0x0005, seq=253/64768, ttl=64 (reply in 82)"
"82","38.912395053","172.17.0.2","172.17.0.3","ICMP","98","Echo (ping) reply    id=0x0005, seq=253/64768, ttl=64 (request in 81)"
"83","39.936088377","172.17.0.3","172.17.0.2","ICMP","98","Echo (ping) request  id=0x0005, seq=254/65024, ttl=64 (reply in 84)"
"84","39.936120997","172.17.0.2","172.17.0.3","ICMP","98","Echo (ping) reply    id=0x0005, seq=254/65024, ttl=64 (request in 83)"
"85","40.960075641","172.17.0.3","172.17.0.2","ICMP","98","Echo (ping) request  id=0x0005, seq=255/65280, ttl=64 (reply in 86)"
"86","40.960135642","172.17.0.2","172.17.0.3","ICMP","98","Echo (ping) reply    id=0x0005, seq=255/65280, ttl=64 (request in 85)"
"87","41.984248054","172.17.0.3","172.17.0.2","ICMP","98","Echo (ping) request  id=0x0005, seq=256/1, ttl=64 (reply in 88)"
"88","41.984313145","172.17.0.2","172.17.0.3","ICMP","98","Echo (ping) reply    id=0x0005, seq=256/1, ttl=64 (request in 87)"
"89","43.008214194","172.17.0.3","172.17.0.2","ICMP","98","Echo (ping) request  id=0x0005, seq=257/257, ttl=64 (reply in 90)"
"90","43.008272712","172.17.0.2","172.17.0.3","ICMP","98","Echo (ping) reply    id=0x0005, seq=257/257, ttl=64 (request in 89)"
"91","44.032062845","172.17.0.3","172.17.0.2","ICMP","98","Echo (ping) request  id=0x0005, seq=258/513, ttl=64 (reply in 92)"
"92","44.032135138","172.17.0.2","172.17.0.3","ICMP","98","Echo (ping) reply    id=0x0005, seq=258/513, ttl=64 (request in 91)"
"93","45.056210947","172.17.0.3","172.17.0.2","ICMP","98","Echo (ping) request  id=0x0005, seq=259/769, ttl=64 (reply in 94)"
"94","45.056268744","172.17.0.2","172.17.0.3","ICMP","98","Echo (ping) reply    id=0x0005, seq=259/769, ttl=64 (request in 93)"
"95","46.080061313","172.17.0.3","172.17.0.2","ICMP","98","Echo (ping) request  id=0x0005, seq=260/1025, ttl=64 (reply in 96)"
"96","46.080158734","172.17.0.2","172.17.0.3","ICMP","98","Echo (ping) reply    id=0x0005, seq=260/1025, ttl=64 (request in 95)"
"97","47.104215657","172.17.0.3","172.17.0.2","ICMP","98","Echo (ping) request  id=0x0005, seq=261/1281, ttl=64 (reply in 98)"
"98","47.104312506","172.17.0.2","172.17.0.3","ICMP","98","Echo (ping) reply    id=0x0005, seq=261/1281, ttl=64 (request in 97)"
"99","48.132006935","172.17.0.3","172.17.0.2","ICMP","98","Echo (ping) request  id=0x0005, seq=262/1537, ttl=64 (reply in 100)"
"100","48.132048021","172.17.0.2","172.17.0.3","ICMP","98","Echo (ping) reply    id=0x0005, seq=262/1537, ttl=64 (request in 99)"
"101","49.156223361","172.17.0.3","172.17.0.2","ICMP","98","Echo (ping) request  id=0x0005, seq=263/1793, ttl=64 (reply in 102)"
"102","49.156298841","172.17.0.2","172.17.0.3","ICMP","98","Echo (ping) reply    id=0x0005, seq=263/1793, ttl=64 (request in 101)"
"103","50.176227490","172.17.0.3","172.17.0.2","ICMP","98","Echo (ping) request  id=0x0005, seq=264/2049, ttl=64 (reply in 104)"
"104","50.176276661","172.17.0.2","172.17.0.3","ICMP","98","Echo (ping) reply    id=0x0005, seq=264/2049, ttl=64 (request in 103)"
"105","51.199990087","172.17.0.3","172.17.0.2","ICMP","98","Echo (ping) request  id=0x0005, seq=265/2305, ttl=64 (reply in 106)"
"106","51.200054156","172.17.0.2","172.17.0.3","ICMP","98","Echo (ping) reply    id=0x0005, seq=265/2305, ttl=64 (request in 105)"
"107","52.224231766","172.17.0.3","172.17.0.2","ICMP","98","Echo (ping) request  id=0x0005, seq=266/2561, ttl=64 (reply in 108)"
"108","52.224290014","172.17.0.2","172.17.0.3","ICMP","98","Echo (ping) reply    id=0x0005, seq=266/2561, ttl=64 (request in 107)"
"109","53.248211225","172.17.0.3","172.17.0.2","ICMP","98","Echo (ping) request  id=0x0005, seq=267/2817, ttl=64 (reply in 110)"
"110","53.248300811","172.17.0.2","172.17.0.3","ICMP","98","Echo (ping) reply    id=0x0005, seq=267/2817, ttl=64 (request in 109)"
"111","54.272534455","172.17.0.3","172.17.0.2","ICMP","98","Echo (ping) request  id=0x0005, seq=268/3073, ttl=64 (reply in 112)"
"112","54.272592973","172.17.0.2","172.17.0.3","ICMP","98","Echo (ping) reply    id=0x0005, seq=268/3073, ttl=64 (request in 111)"
"113","55.296031284","172.17.0.3","172.17.0.2","ICMP","98","Echo (ping) request  id=0x0005, seq=269/3329, ttl=64 (reply in 114)"
"114","55.296103398","172.17.0.2","172.17.0.3","ICMP","98","Echo (ping) reply    id=0x0005, seq=269/3329, ttl=64 (request in 113)"
"115","56.320210898","172.17.0.3","172.17.0.2","ICMP","98","Echo (ping) request  id=0x0005, seq=270/3585, ttl=64 (reply in 116)"
"116","56.320270047","172.17.0.2","172.17.0.3","ICMP","98","Echo (ping) reply    id=0x0005, seq=270/3585, ttl=64 (request in 115)"
"117","57.348108945","172.17.0.3","172.17.0.2","ICMP","98","Echo (ping) request  id=0x0005, seq=271/3841, ttl=64 (reply in 118)"
"118","57.348164798","172.17.0.2","172.17.0.3","ICMP","98","Echo (ping) reply    id=0x0005, seq=271/3841, ttl=64 (request in 117)"
"119","58.368077917","172.17.0.3","172.17.0.2","ICMP","98","Echo (ping) request  id=0x0005, seq=272/4097, ttl=64 (reply in 120)"
"120","58.368150080","172.17.0.2","172.17.0.3","ICMP","98","Echo (ping) reply    id=0x0005, seq=272/4097, ttl=64 (request in 119)"
"121","59.392327502","172.17.0.3","172.17.0.2","ICMP","98","Echo (ping) request  id=0x0005, seq=273/4353, ttl=64 (reply in 122)"
"122","59.392401799","172.17.0.2","172.17.0.3","ICMP","98","Echo (ping) reply    id=0x0005, seq=273/4353, ttl=64 (request in 121)"
"123","60.416217665","172.17.0.3","172.17.0.2","ICMP","98","Echo (ping) request  id=0x0005, seq=274/4609, ttl=64 (reply in 124)"
"124","60.416275672","172.17.0.2","172.17.0.3","ICMP","98","Echo (ping) reply    id=0x0005, seq=274/4609, ttl=64 (request in 123)"
"125","61.440454340","172.17.0.3","172.17.0.2","ICMP","98","Echo (ping) request  id=0x0005, seq=275/4865, ttl=64 (reply in 126)"
"126","61.440530841","172.17.0.2","172.17.0.3","ICMP","98","Echo (ping) reply    id=0x0005, seq=275/4865, ttl=64 (request in 125)"
"127","62.464060296","172.17.0.3","172.17.0.2","ICMP","98","Echo (ping) request  id=0x0005, seq=276/5121, ttl=64 (reply in 128)"
"128","62.464117061","172.17.0.2","172.17.0.3","ICMP","98","Echo (ping) reply    id=0x0005, seq=276/5121, ttl=64 (request in 127)"
"129","62.560156432","02:42:ac:11:00:03","02:42:ac:11:00:02","ARP","42","Who has 172.17.0.2? Tell 172.17.0.3"
"130","62.560210392","02:42:ac:11:00:02","02:42:ac:11:00:03","ARP","42","172.17.0.2 is at 02:42:ac:11:00:02"
"131","63.488058744","172.17.0.3","172.17.0.2","ICMP","98","Echo (ping) request  id=0x0005, seq=277/5377, ttl=64 (reply in 132)"
"132","63.488135686","172.17.0.2","172.17.0.3","ICMP","98","Echo (ping) reply    id=0x0005, seq=277/5377, ttl=64 (request in 131)"
"133","64.512232077","172.17.0.3","172.17.0.2","ICMP","98","Echo (ping) request  id=0x0005, seq=278/5633, ttl=64 (reply in 134)"
"134","64.512289714","172.17.0.2","172.17.0.3","ICMP","98","Echo (ping) reply    id=0x0005, seq=278/5633, ttl=64 (request in 133)"
"135","65.536016533","172.17.0.3","172.17.0.2","ICMP","98","Echo (ping) request  id=0x0005, seq=279/5889, ttl=64 (reply in 136)"
"136","65.536093726","172.17.0.2","172.17.0.3","ICMP","98","Echo (ping) reply    id=0x0005, seq=279/5889, ttl=64 (request in 135)"
"137","66.560214237","172.17.0.3","172.17.0.2","ICMP","98","Echo (ping) request  id=0x0005, seq=280/6145, ttl=64 (reply in 138)"
"138","66.560288284","172.17.0.2","172.17.0.3","ICMP","98","Echo (ping) reply    id=0x0005, seq=280/6145, ttl=64 (request in 137)"
"139","67.584570789","172.17.0.3","172.17.0.2","ICMP","98","Echo (ping) request  id=0x0005, seq=281/6401, ttl=64 (reply in 140)"
"140","67.584647271","172.17.0.2","172.17.0.3","ICMP","98","Echo (ping) reply    id=0x0005, seq=281/6401, ttl=64 (request in 139)"
"141","68.608227711","172.17.0.3","172.17.0.2","ICMP","98","Echo (ping) request  id=0x0005, seq=282/6657, ttl=64 (reply in 142)"
"142","68.608304162","172.17.0.2","172.17.0.3","ICMP","98","Echo (ping) reply    id=0x0005, seq=282/6657, ttl=64 (request in 141)"
"143","69.631979349","172.17.0.3","172.17.0.2","ICMP","98","Echo (ping) request  id=0x0005, seq=283/6913, ttl=64 (reply in 144)"
"144","69.632025264","172.17.0.2","172.17.0.3","ICMP","98","Echo (ping) reply    id=0x0005, seq=283/6913, ttl=64 (request in 143)"
"145","70.660323781","172.17.0.3","172.17.0.2","ICMP","98","Echo (ping) request  id=0x0005, seq=284/7169, ttl=64 (reply in 146)"
"146","70.660382390","172.17.0.2","172.17.0.3","ICMP","98","Echo (ping) reply    id=0x0005, seq=284/7169, ttl=64 (request in 145)"
"147","71.680369629","172.17.0.3","172.17.0.2","ICMP","98","Echo (ping) request  id=0x0005, seq=285/7425, ttl=64 (reply in 148)"
"148","71.680443646","172.17.0.2","172.17.0.3","ICMP","98","Echo (ping) reply    id=0x0005, seq=285/7425, ttl=64 (request in 147)"
"149","72.704434683","172.17.0.3","172.17.0.2","ICMP","98","Echo (ping) request  id=0x0005, seq=286/7681, ttl=64 (reply in 150)"
"150","72.704492941","172.17.0.2","172.17.0.3","ICMP","98","Echo (ping) reply    id=0x0005, seq=286/7681, ttl=64 (request in 149)"
"151","73.728239264","172.17.0.3","172.17.0.2","ICMP","98","Echo (ping) request  id=0x0005, seq=287/7937, ttl=64 (reply in 152)"
"152","73.728302922","172.17.0.2","172.17.0.3","ICMP","98","Echo (ping) reply    id=0x0005, seq=287/7937, ttl=64 (request in 151)"
"153","74.752185757","172.17.0.3","172.17.0.2","ICMP","98","Echo (ping) request  id=0x0005, seq=288/8193, ttl=64 (reply in 154)"
"154","74.752260306","172.17.0.2","172.17.0.3","ICMP","98","Echo (ping) reply    id=0x0005, seq=288/8193, ttl=64 (request in 153)"
"155","75.776059734","172.17.0.3","172.17.0.2","ICMP","98","Echo (ping) request  id=0x0005, seq=289/8449, ttl=64 (reply in 156)"
"156","75.776154319","172.17.0.2","172.17.0.3","ICMP","98","Echo (ping) reply    id=0x0005, seq=289/8449, ttl=64 (request in 155)"
"157","76.800216495","172.17.0.3","172.17.0.2","ICMP","98","Echo (ping) request  id=0x0005, seq=290/8705, ttl=64 (reply in 158)"
"158","76.800275264","172.17.0.2","172.17.0.3","ICMP","98","Echo (ping) reply    id=0x0005, seq=290/8705, ttl=64 (request in 157)"
"159","77.824384814","172.17.0.3","172.17.0.2","ICMP","98","Echo (ping) request  id=0x0005, seq=291/8961, ttl=64 (reply in 160)"
"160","77.824470332","172.17.0.2","172.17.0.3","ICMP","98","Echo (ping) reply    id=0x0005, seq=291/8961, ttl=64 (request in 159)"
"161","78.848214221","172.17.0.3","172.17.0.2","ICMP","98","Echo (ping) request  id=0x0005, seq=292/9217, ttl=64 (reply in 162)"
"162","78.848272820","172.17.0.2","172.17.0.3","ICMP","98","Echo (ping) reply    id=0x0005, seq=292/9217, ttl=64 (request in 161)"
"163","79.872332448","172.17.0.3","172.17.0.2","ICMP","98","Echo (ping) request  id=0x0005, seq=293/9473, ttl=64 (reply in 164)"
"164","79.872367082","172.17.0.2","172.17.0.3","ICMP","98","Echo (ping) reply    id=0x0005, seq=293/9473, ttl=64 (request in 163)"
"165","80.896001849","172.17.0.3","172.17.0.2","ICMP","98","Echo (ping) request  id=0x0005, seq=294/9729, ttl=64 (reply in 166)"
"166","80.896041843","172.17.0.2","172.17.0.3","ICMP","98","Echo (ping) reply    id=0x0005, seq=294/9729, ttl=64 (request in 165)"
"167","81.920050862","172.17.0.3","172.17.0.2","ICMP","98","Echo (ping) request  id=0x0005, seq=295/9985, ttl=64 (reply in 168)"
"168","81.920133705","172.17.0.2","172.17.0.3","ICMP","98","Echo (ping) reply    id=0x0005, seq=295/9985, ttl=64 (request in 167)"
"169","82.944245652","172.17.0.3","172.17.0.2","ICMP","98","Echo (ping) request  id=0x0005, seq=296/10241, ttl=64 (reply in 170)"
"170","82.944324889","172.17.0.2","172.17.0.3","ICMP","98","Echo (ping) reply    id=0x0005, seq=296/10241, ttl=64 (request in 169)"
"171","83.968225559","172.17.0.3","172.17.0.2","ICMP","98","Echo (ping) request  id=0x0005, seq=297/10497, ttl=64 (reply in 172)"
"172","83.968300688","172.17.0.2","172.17.0.3","ICMP","98","Echo (ping) reply    id=0x0005, seq=297/10497, ttl=64 (request in 171)"
"173","84.992239214","172.17.0.3","172.17.0.2","ICMP","98","Echo (ping) request  id=0x0005, seq=298/10753, ttl=64 (reply in 174)"
"174","84.992298814","172.17.0.2","172.17.0.3","ICMP","98","Echo (ping) reply    id=0x0005, seq=298/10753, ttl=64 (request in 173)"
"175","85.088291143","02:42:ac:11:00:03","02:42:ac:11:00:02","ARP","42","Who has 172.17.0.2? Tell 172.17.0.3"
"176","85.088348459","02:42:ac:11:00:02","02:42:ac:11:00:03","ARP","42","172.17.0.2 is at 02:42:ac:11:00:02"
"177","86.016038855","172.17.0.3","172.17.0.2","ICMP","98","Echo (ping) request  id=0x0005, seq=299/11009, ttl=64 (reply in 178)"
"178","86.016137908","172.17.0.2","172.17.0.3","ICMP","98","Echo (ping) reply    id=0x0005, seq=299/11009, ttl=64 (request in 177)"
"179","87.040028554","172.17.0.3","172.17.0.2","ICMP","98","Echo (ping) request  id=0x0005, seq=300/11265, ttl=64 (reply in 180)"
"180","87.040061816","172.17.0.2","172.17.0.3","ICMP","98","Echo (ping) reply    id=0x0005, seq=300/11265, ttl=64 (request in 179)"
"181","88.064264786","172.17.0.3","172.17.0.2","ICMP","98","Echo (ping) request  id=0x0005, seq=301/11521, ttl=64 (reply in 182)"
"182","88.064349143","172.17.0.2","172.17.0.3","ICMP","98","Echo (ping) reply    id=0x0005, seq=301/11521, ttl=64 (request in 181)"
"183","88.160302062","02:42:ac:11:00:02","02:42:ac:11:00:03","ARP","42","Who has 172.17.0.3? Tell 172.17.0.2"
"184","88.160331247","02:42:ac:11:00:03","02:42:ac:11:00:02","ARP","42","172.17.0.3 is at 02:42:ac:11:00:03"
"185","89.088275393","172.17.0.3","172.17.0.2","ICMP","98","Echo (ping) request  id=0x0005, seq=302/11777, ttl=64 (reply in 186)"
"186","89.088332219","172.17.0.2","172.17.0.3","ICMP","98","Echo (ping) reply    id=0x0005, seq=302/11777, ttl=64 (request in 185)"
"187","90.112463742","172.17.0.3","172.17.0.2","ICMP","98","Echo (ping) request  id=0x0005, seq=303/12033, ttl=64 (reply in 188)"
"188","90.112506091","172.17.0.2","172.17.0.3","ICMP","98","Echo (ping) reply    id=0x0005, seq=303/12033, ttl=64 (request in 187)"
"189","91.136224601","172.17.0.3","172.17.0.2","ICMP","98","Echo (ping) request  id=0x0005, seq=304/12289, ttl=64 (reply in 190)"
"190","91.136282729","172.17.0.2","172.17.0.3","ICMP","98","Echo (ping) reply    id=0x0005, seq=304/12289, ttl=64 (request in 189)"
"191","92.160205969","172.17.0.3","172.17.0.2","ICMP","98","Echo (ping) request  id=0x0005, seq=305/12545, ttl=64 (reply in 192)"
"192","92.160284485","172.17.0.2","172.17.0.3","ICMP","98","Echo (ping) reply    id=0x0005, seq=305/12545, ttl=64 (request in 191)"
"193","93.184228149","172.17.0.3","172.17.0.2","ICMP","98","Echo (ping) request  id=0x0005, seq=306/12801, ttl=64 (reply in 194)"
"194","93.184304531","172.17.0.2","172.17.0.3","ICMP","98","Echo (ping) reply    id=0x0005, seq=306/12801, ttl=64 (request in 193)"
"195","94.212229752","172.17.0.3","172.17.0.2","ICMP","98","Echo (ping) request  id=0x0005, seq=307/13057, ttl=64 (reply in 196)"
"196","94.212289002","172.17.0.2","172.17.0.3","ICMP","98","Echo (ping) reply    id=0x0005, seq=307/13057, ttl=64 (request in 195)"
"197","95.232218554","172.17.0.3","172.17.0.2","ICMP","98","Echo (ping) request  id=0x0005, seq=308/13313, ttl=64 (reply in 198)"
"198","95.232297430","172.17.0.2","172.17.0.3","ICMP","98","Echo (ping) reply    id=0x0005, seq=308/13313, ttl=64 (request in 197)"
"199","96.256220862","172.17.0.3","172.17.0.2","ICMP","98","Echo (ping) request  id=0x0005, seq=309/13569, ttl=64 (reply in 200)"
"200","96.256279030","172.17.0.2","172.17.0.3","ICMP","98","Echo (ping) reply    id=0x0005, seq=309/13569, ttl=64 (request in 199)"
"201","97.280228272","172.17.0.3","172.17.0.2","ICMP","98","Echo (ping) request  id=0x0005, seq=310/13825, ttl=64 (reply in 202)"
"202","97.280303372","172.17.0.2","172.17.0.3","ICMP","98","Echo (ping) reply    id=0x0005, seq=310/13825, ttl=64 (request in 201)"
"203","98.304219373","172.17.0.3","172.17.0.2","ICMP","98","Echo (ping) request  id=0x0005, seq=311/14081, ttl=64 (reply in 204)"
"204","98.304303620","172.17.0.2","172.17.0.3","ICMP","98","Echo (ping) reply    id=0x0005, seq=311/14081, ttl=64 (request in 203)"
"205","99.328344169","172.17.0.3","172.17.0.2","ICMP","98","Echo (ping) request  id=0x0005, seq=312/14337, ttl=64 (reply in 206)"
"206","99.328448783","172.17.0.2","172.17.0.3","ICMP","98","Echo (ping) reply    id=0x0005, seq=312/14337, ttl=64 (request in 205)"
"207","100.352053544","172.17.0.3","172.17.0.2","ICMP","98","Echo (ping) request  id=0x0005, seq=313/14593, ttl=64 (reply in 208)"
"208","100.352128353","172.17.0.2","172.17.0.3","ICMP","98","Echo (ping) reply    id=0x0005, seq=313/14593, ttl=64 (request in 207)"
"209","101.376336106","172.17.0.3","172.17.0.2","ICMP","98","Echo (ping) request  id=0x0005, seq=314/14849, ttl=64 (reply in 210)"
"210","101.376394114","172.17.0.2","172.17.0.3","ICMP","98","Echo (ping) reply    id=0x0005, seq=314/14849, ttl=64 (request in 209)"
"211","102.400088273","172.17.0.3","172.17.0.2","ICMP","98","Echo (ping) request  id=0x0005, seq=315/15105, ttl=64 (reply in 212)"
"212","102.400149026","172.17.0.2","172.17.0.3","ICMP","98","Echo (ping) reply    id=0x0005, seq=315/15105, ttl=64 (request in 211)"
"213","103.424236383","172.17.0.3","172.17.0.2","ICMP","98","Echo (ping) request  id=0x0005, seq=316/15361, ttl=64 (reply in 214)"
"214","103.424311101","172.17.0.2","172.17.0.3","ICMP","98","Echo (ping) reply    id=0x0005, seq=316/15361, ttl=64 (request in 213)"
"215","104.448531569","172.17.0.3","172.17.0.2","ICMP","98","Echo (ping) request  id=0x0005, seq=317/15617, ttl=64 (reply in 216)"
"216","104.448627187","172.17.0.2","172.17.0.3","ICMP","98","Echo (ping) reply    id=0x0005, seq=317/15617, ttl=64 (request in 215)"
"217","105.472311316","172.17.0.3","172.17.0.2","ICMP","98","Echo (ping) request  id=0x0005, seq=318/15873, ttl=64 (reply in 218)"
"218","105.472369273","172.17.0.2","172.17.0.3","ICMP","98","Echo (ping) reply    id=0x0005, seq=318/15873, ttl=64 (request in 217)"
"219","106.496244766","172.17.0.3","172.17.0.2","ICMP","98","Echo (ping) request  id=0x0005, seq=319/16129, ttl=64 (reply in 220)"
"220","106.496303395","172.17.0.2","172.17.0.3","ICMP","98","Echo (ping) reply    id=0x0005, seq=319/16129, ttl=64 (request in 219)"
"221","107.520273236","172.17.0.3","172.17.0.2","ICMP","98","Echo (ping) request  id=0x0005, seq=320/16385, ttl=64 (reply in 222)"
"222","107.520330853","172.17.0.2","172.17.0.3","ICMP","98","Echo (ping) reply    id=0x0005, seq=320/16385, ttl=64 (request in 221)"
"223","107.616165701","02:42:ac:11:00:03","02:42:ac:11:00:02","ARP","42","Who has 172.17.0.2? Tell 172.17.0.3"
"224","107.616220663","02:42:ac:11:00:02","02:42:ac:11:00:03","ARP","42","172.17.0.2 is at 02:42:ac:11:00:02"
"225","108.544218896","172.17.0.3","172.17.0.2","ICMP","98","Echo (ping) request  id=0x0005, seq=321/16641, ttl=64 (reply in 226)"
"226","108.544277115","172.17.0.2","172.17.0.3","ICMP","98","Echo (ping) reply    id=0x0005, seq=321/16641, ttl=64 (request in 225)"
"227","109.568249928","172.17.0.3","172.17.0.2","ICMP","98","Echo (ping) request  id=0x0005, seq=322/16897, ttl=64 (reply in 228)"
"228","109.568325198","172.17.0.2","172.17.0.3","ICMP","98","Echo (ping) reply    id=0x0005, seq=322/16897, ttl=64 (request in 227)"
"229","110.592219542","172.17.0.3","172.17.0.2","ICMP","98","Echo (ping) request  id=0x0005, seq=323/17153, ttl=64 (reply in 230)"
"230","110.592276819","172.17.0.2","172.17.0.3","ICMP","98","Echo (ping) reply    id=0x0005, seq=323/17153, ttl=64 (request in 229)"
"231","111.616223150","172.17.0.3","172.17.0.2","ICMP","98","Echo (ping) request  id=0x0005, seq=324/17409, ttl=64 (reply in 232)"
"232","111.616282110","172.17.0.2","172.17.0.3","ICMP","98","Echo (ping) reply    id=0x0005, seq=324/17409, ttl=64 (request in 231)"
"233","112.640120974","172.17.0.3","172.17.0.2","ICMP","98","Echo (ping) request  id=0x0005, seq=325/17665, ttl=64 (reply in 234)"
"234","112.640155218","172.17.0.2","172.17.0.3","ICMP","98","Echo (ping) reply    id=0x0005, seq=325/17665, ttl=64 (request in 233)"
"235","113.664220373","172.17.0.3","172.17.0.2","ICMP","98","Echo (ping) request  id=0x0005, seq=326/17921, ttl=64 (reply in 236)"
"236","113.664278010","172.17.0.2","172.17.0.3","ICMP","98","Echo (ping) reply    id=0x0005, seq=326/17921, ttl=64 (request in 235)"
"237","114.688258141","172.17.0.3","172.17.0.2","ICMP","98","Echo (ping) request  id=0x0005, seq=327/18177, ttl=64 (reply in 238)"
"238","114.688316059","172.17.0.2","172.17.0.3","ICMP","98","Echo (ping) reply    id=0x0005, seq=327/18177, ttl=64 (request in 237)"
"239","115.712038012","172.17.0.3","172.17.0.2","ICMP","98","Echo (ping) request  id=0x0005, seq=328/18433, ttl=64 (reply in 240)"
"240","115.712096591","172.17.0.2","172.17.0.3","ICMP","98","Echo (ping) reply    id=0x0005, seq=328/18433, ttl=64 (request in 239)"
"241","116.736245555","172.17.0.3","172.17.0.2","ICMP","98","Echo (ping) request  id=0x0005, seq=329/18689, ttl=64 (reply in 242)"
"242","116.736303814","172.17.0.2","172.17.0.3","ICMP","98","Echo (ping) reply    id=0x0005, seq=329/18689, ttl=64 (request in 241)"
"243","117.760241149","172.17.0.3","172.17.0.2","ICMP","98","Echo (ping) request  id=0x0005, seq=330/18945, ttl=64 (reply in 244)"
"244","117.760315638","172.17.0.2","172.17.0.3","ICMP","98","Echo (ping) reply    id=0x0005, seq=330/18945, ttl=64 (request in 243)"
"245","118.784229840","172.17.0.3","172.17.0.2","ICMP","98","Echo (ping) request  id=0x0005, seq=331/19201, ttl=64 (reply in 246)"
"246","118.784287848","172.17.0.2","172.17.0.3","ICMP","98","Echo (ping) reply    id=0x0005, seq=331/19201, ttl=64 (request in 245)"
"247","119.808212079","172.17.0.3","172.17.0.2","ICMP","98","Echo (ping) request  id=0x0005, seq=332/19457, ttl=64 (reply in 248)"
"248","119.808269245","172.17.0.2","172.17.0.3","ICMP","98","Echo (ping) reply    id=0x0005, seq=332/19457, ttl=64 (request in 247)"
"249","120.832109737","172.17.0.3","172.17.0.2","ICMP","98","Echo (ping) request  id=0x0005, seq=333/19713, ttl=64 (reply in 250)"
"250","120.832195676","172.17.0.2","172.17.0.3","ICMP","98","Echo (ping) reply    id=0x0005, seq=333/19713, ttl=64 (request in 249)"
"251","121.856216678","172.17.0.3","172.17.0.2","ICMP","98","Echo (ping) request  id=0x0005, seq=334/19969, ttl=64 (reply in 252)"
"252","121.856261000","172.17.0.2","172.17.0.3","ICMP","98","Echo (ping) reply    id=0x0005, seq=334/19969, ttl=64 (request in 251)"
"253","122.880135958","172.17.0.3","172.17.0.2","ICMP","98","Echo (ping) request  id=0x0005, seq=335/20225, ttl=64 (reply in 254)"
"254","122.880190519","172.17.0.2","172.17.0.3","ICMP","98","Echo (ping) reply    id=0x0005, seq=335/20225, ttl=64 (request in 253)"
"255","123.904286260","172.17.0.3","172.17.0.2","ICMP","98","Echo (ping) request  id=0x0005, seq=336/20481, ttl=64 (reply in 256)"
"256","123.904344007","172.17.0.2","172.17.0.3","ICMP","98","Echo (ping) reply    id=0x0005, seq=336/20481, ttl=64 (request in 255)"
"257","124.220150365","02:42:c7:f2:77:18","02:42:ac:11:00:04","ARP","42","172.17.0.3 is at 02:42:c7:f2:77:18"
"258","124.928231002","172.17.0.3","172.17.0.2","ICMP","98","Echo (ping) request  id=0x0005, seq=337/20737, ttl=64 (reply in 259)"
"259","124.928310109","172.17.0.2","172.17.0.3","ICMP","98","Echo (ping) reply    id=0x0005, seq=337/20737, ttl=64 (request in 258)"
"260","125.952115227","172.17.0.3","172.17.0.2","ICMP","98","Echo (ping) request  id=0x0005, seq=338/20993, ttl=64 (reply in 261)"
"261","125.952172443","172.17.0.2","172.17.0.3","ICMP","98","Echo (ping) reply    id=0x0005, seq=338/20993, ttl=64 (request in 260)"
"262","126.220323062","02:42:c7:f2:77:18","02:42:ac:11:00:04","ARP","42","172.17.0.3 is at 02:42:c7:f2:77:18"
"263","126.976225341","172.17.0.3","172.17.0.2","ICMP","98","Echo (ping) request  id=0x0005, seq=339/21249, ttl=64 (reply in 264)"
"264","126.976285964","172.17.0.2","172.17.0.3","ICMP","98","Echo (ping) reply    id=0x0005, seq=339/21249, ttl=64 (request in 263)"
"265","128.000007228","172.17.0.3","172.17.0.2","ICMP","98","Echo (ping) request  id=0x0005, seq=340/21505, ttl=64 (reply in 266)"
"266","128.000042053","172.17.0.2","172.17.0.3","ICMP","98","Echo (ping) reply    id=0x0005, seq=340/21505, ttl=64 (request in 265)"
"267","128.220645136","02:42:c7:f2:77:18","02:42:ac:11:00:04","ARP","42","172.17.0.3 is at 02:42:c7:f2:77:18"
"268","129.024225683","172.17.0.3","172.17.0.2","ICMP","98","Echo (ping) request  id=0x0005, seq=341/21761, ttl=64 (reply in 269)"
"269","129.024306714","172.17.0.2","172.17.0.3","ICMP","98","Echo (ping) reply    id=0x0005, seq=341/21761, ttl=64 (request in 268)"
"270","130.048229957","172.17.0.3","172.17.0.2","ICMP","98","Echo (ping) request  id=0x0005, seq=342/22017, ttl=64 (reply in 271)"
"271","130.048290860","172.17.0.2","172.17.0.3","ICMP","98","Echo (ping) reply    id=0x0005, seq=342/22017, ttl=64 (request in 270)"
"272","130.143963967","02:42:ac:11:00:03","02:42:ac:11:00:02","ARP","42","Who has 172.17.0.2? Tell 172.17.0.3"
"273","130.144006095","02:42:ac:11:00:02","02:42:ac:11:00:03","ARP","42","172.17.0.2 is at 02:42:ac:11:00:02"
"274","130.221133299","02:42:c7:f2:77:18","02:42:ac:11:00:04","ARP","42","172.17.0.3 is at 02:42:c7:f2:77:18"
"275","131.072070369","172.17.0.3","172.17.0.2","ICMP","98","Echo (ping) request  id=0x0005, seq=343/22273, ttl=64 (reply in 276)"
"276","131.072129940","172.17.0.2","172.17.0.3","ICMP","98","Echo (ping) reply    id=0x0005, seq=343/22273, ttl=64 (request in 275)"
"277","132.096039748","172.17.0.3","172.17.0.2","ICMP","98","Echo (ping) request  id=0x0005, seq=344/22529, ttl=64 (reply in 278)"
"278","132.096088008","172.17.0.2","172.17.0.3","ICMP","98","Echo (ping) reply    id=0x0005, seq=344/22529, ttl=64 (request in 277)"
"279","132.221276833","02:42:c7:f2:77:18","02:42:ac:11:00:04","ARP","42","172.17.0.3 is at 02:42:c7:f2:77:18"
"280","133.120412979","172.17.0.3","172.17.0.2","ICMP","98","Echo (ping) request  id=0x0005, seq=345/22785, ttl=64 (reply in 281)"
"281","133.120476918","172.17.0.2","172.17.0.3","ICMP","98","Echo (ping) reply    id=0x0005, seq=345/22785, ttl=64 (request in 280)"
"282","134.144245621","172.17.0.3","172.17.0.2","ICMP","98","Echo (ping) request  id=0x0005, seq=346/23041, ttl=64 (reply in 283)"
"283","134.144334597","172.17.0.2","172.17.0.3","ICMP","98","Echo (ping) reply    id=0x0005, seq=346/23041, ttl=64 (request in 282)"
"284","134.221472181","02:42:c7:f2:77:18","02:42:ac:11:00:04","ARP","42","172.17.0.3 is at 02:42:c7:f2:77:18"
"285","135.168128338","172.17.0.3","172.17.0.2","ICMP","98","Echo (ping) request  id=0x0005, seq=347/23297, ttl=64 (reply in 286)"
"286","135.168212785","172.17.0.2","172.17.0.3","ICMP","98","Echo (ping) reply    id=0x0005, seq=347/23297, ttl=64 (request in 285)"
"287","136.192263049","172.17.0.3","172.17.0.2","ICMP","98","Echo (ping) request  id=0x0005, seq=348/23553, ttl=64 (reply in 288)"
"288","136.192300909","172.17.0.2","172.17.0.3","ICMP","98","Echo (ping) reply    id=0x0005, seq=348/23553, ttl=64 (request in 287)"
"289","136.221848932","02:42:c7:f2:77:18","02:42:ac:11:00:04","ARP","42","172.17.0.3 is at 02:42:c7:f2:77:18"
"290","137.216233505","172.17.0.3","172.17.0.2","ICMP","98","Echo (ping) request  id=0x0005, seq=349/23809, ttl=64 (reply in 291)"
"291","137.216295600","172.17.0.2","172.17.0.3","ICMP","98","Echo (ping) reply    id=0x0005, seq=349/23809, ttl=64 (request in 290)"
"292","138.222234079","02:42:c7:f2:77:18","02:42:ac:11:00:04","ARP","42","172.17.0.3 is at 02:42:c7:f2:77:18"
"293","138.240233369","172.17.0.3","172.17.0.2","ICMP","98","Echo (ping) request  id=0x0005, seq=350/24065, ttl=64 (reply in 294)"
"294","138.240311504","172.17.0.2","172.17.0.3","ICMP","98","Echo (ping) reply    id=0x0005, seq=350/24065, ttl=64 (request in 293)"
"295","138.336171234","02:42:ac:11:00:02","02:42:ac:11:00:03","ARP","42","Who has 172.17.0.3? Tell 172.17.0.2"
"296","138.336226046","02:42:ac:11:00:03","02:42:ac:11:00:02","ARP","42","172.17.0.3 is at 02:42:ac:11:00:03"
"297","139.264051354","172.17.0.3","172.17.0.2","ICMP","98","Echo (ping) request  id=0x0005, seq=351/24321, ttl=64 (reply in 298)"
"298","139.264143265","172.17.0.2","172.17.0.3","ICMP","98","Echo (ping) reply    id=0x0005, seq=351/24321, ttl=64 (request in 297)"
"299","140.222538250","02:42:c7:f2:77:18","02:42:ac:11:00:04","ARP","42","172.17.0.3 is at 02:42:c7:f2:77:18"
"300","140.288036661","172.17.0.3","172.17.0.2","ICMP","98","Echo (ping) request  id=0x0005, seq=352/24577, ttl=64 (reply in 301)"
"301","140.288112322","172.17.0.2","172.17.0.3","ICMP","98","Echo (ping) reply    id=0x0005, seq=352/24577, ttl=64 (request in 300)"
"302","141.312203627","172.17.0.3","172.17.0.2","ICMP","98","Echo (ping) request  id=0x0005, seq=353/24833, ttl=64 (reply in 303)"
"303","141.312312260","172.17.0.2","172.17.0.3","ICMP","98","Echo (ping) reply    id=0x0005, seq=353/24833, ttl=64 (request in 302)"
"304","142.222918298","02:42:c7:f2:77:18","02:42:ac:11:00:04","ARP","42","172.17.0.3 is at 02:42:c7:f2:77:18"
"305","142.336433541","172.17.0.3","172.17.0.2","ICMP","98","Echo (ping) request  id=0x0005, seq=354/25089, ttl=64 (reply in 306)"
"306","142.336512789","172.17.0.2","172.17.0.3","ICMP","98","Echo (ping) reply    id=0x0005, seq=354/25089, ttl=64 (request in 305)"
"307","143.360217055","172.17.0.3","172.17.0.2","ICMP","98","Echo (ping) request  id=0x0005, seq=355/25345, ttl=64 (reply in 308)"
"308","143.360257019","172.17.0.2","172.17.0.3","ICMP","98","Echo (ping) reply    id=0x0005, seq=355/25345, ttl=64 (request in 307)"
"309","144.223300081","02:42:c7:f2:77:18","02:42:ac:11:00:04","ARP","42","172.17.0.3 is at 02:42:c7:f2:77:18"
"310","144.384223913","172.17.0.3","172.17.0.2","ICMP","98","Echo (ping) request  id=0x0005, seq=356/25601, ttl=64 (reply in 311)"
"311","144.384282963","172.17.0.2","172.17.0.3","ICMP","98","Echo (ping) reply    id=0x0005, seq=356/25601, ttl=64 (request in 310)"
"312","145.408239787","172.17.0.3","172.17.0.2","ICMP","98","Echo (ping) request  id=0x0005, seq=357/25857, ttl=64 (reply in 313)"
"313","145.408314526","172.17.0.2","172.17.0.3","ICMP","98","Echo (ping) reply    id=0x0005, seq=357/25857, ttl=64 (request in 312)"
"314","146.224007070","02:42:c7:f2:77:18","02:42:ac:11:00:04","ARP","42","172.17.0.3 is at 02:42:c7:f2:77:18"
"315","146.432222850","172.17.0.3","172.17.0.2","ICMP","98","Echo (ping) request  id=0x0005, seq=358/26113, ttl=64 (reply in 316)"
"316","146.432297859","172.17.0.2","172.17.0.3","ICMP","98","Echo (ping) reply    id=0x0005, seq=358/26113, ttl=64 (request in 315)"
"317","147.456221778","172.17.0.3","172.17.0.2","ICMP","98","Echo (ping) request  id=0x0005, seq=359/26369, ttl=64 (reply in 318)"
"318","147.456297669","172.17.0.2","172.17.0.3","ICMP","98","Echo (ping) reply    id=0x0005, seq=359/26369, ttl=64 (request in 317)"
"319","148.224226914","02:42:c7:f2:77:18","02:42:ac:11:00:04","ARP","42","172.17.0.3 is at 02:42:c7:f2:77:18"
"320","148.480246223","172.17.0.3","172.17.0.2","ICMP","98","Echo (ping) request  id=0x0005, seq=360/26625, ttl=64 (reply in 321)"
"321","148.480322595","172.17.0.2","172.17.0.3","ICMP","98","Echo (ping) reply    id=0x0005, seq=360/26625, ttl=64 (request in 320)"
"322","149.504067588","172.17.0.3","172.17.0.2","ICMP","98","Echo (ping) request  id=0x0005, seq=361/26881, ttl=64 (reply in 323)"
"323","149.504144461","172.17.0.2","172.17.0.3","ICMP","98","Echo (ping) reply    id=0x0005, seq=361/26881, ttl=64 (request in 322)"
"324","150.224551897","02:42:c7:f2:77:18","02:42:ac:11:00:04","ARP","42","172.17.0.3 is at 02:42:c7:f2:77:18"
"325","150.528223731","172.17.0.3","172.17.0.2","ICMP","98","Echo (ping) request  id=0x0005, seq=362/27137, ttl=64 (reply in 326)"
"326","150.528283072","172.17.0.2","172.17.0.3","ICMP","98","Echo (ping) reply    id=0x0005, seq=362/27137, ttl=64 (request in 325)"
"327","151.552226857","172.17.0.3","172.17.0.2","ICMP","98","Echo (ping) request  id=0x0005, seq=363/27393, ttl=64 (reply in 328)"
"328","151.552303540","172.17.0.2","172.17.0.3","ICMP","98","Echo (ping) reply    id=0x0005, seq=363/27393, ttl=64 (request in 327)"
"329","152.224933736","02:42:c7:f2:77:18","02:42:ac:11:00:04","ARP","42","172.17.0.3 is at 02:42:c7:f2:77:18"
"330","152.576288869","172.17.0.3","172.17.0.2","ICMP","98","Echo (ping) request  id=0x0005, seq=364/27649, ttl=64 (reply in 331)"
"331","152.576383325","172.17.0.2","172.17.0.3","ICMP","98","Echo (ping) reply    id=0x0005, seq=364/27649, ttl=64 (request in 330)"
"332","152.672154556","02:42:ac:11:00:03","02:42:ac:11:00:02","ARP","42","Who has 172.17.0.2? Tell 172.17.0.3"
"333","152.672208837","02:42:ac:11:00:02","02:42:ac:11:00:03","ARP","42","172.17.0.2 is at 02:42:ac:11:00:02"
"334","153.600231424","172.17.0.3","172.17.0.2","ICMP","98","Echo (ping) request  id=0x0005, seq=365/27905, ttl=64 (reply in 335)"
"335","153.600308637","172.17.0.2","172.17.0.3","ICMP","98","Echo (ping) reply    id=0x0005, seq=365/27905, ttl=64 (request in 334)"
"336","154.225159217","02:42:c7:f2:77:18","02:42:ac:11:00:04","ARP","42","172.17.0.3 is at 02:42:c7:f2:77:18"
"337","154.624052881","172.17.0.3","172.17.0.2","ICMP","98","Echo (ping) request  id=0x0005, seq=366/28161, ttl=64 (reply in 338)"
"338","154.624112432","172.17.0.2","172.17.0.3","ICMP","98","Echo (ping) reply    id=0x0005, seq=366/28161, ttl=64 (request in 337)"
"339","155.648234902","172.17.0.3","172.17.0.2","ICMP","98","Echo (ping) request  id=0x0005, seq=367/28417, ttl=64 (reply in 340)"
"340","155.648318338","172.17.0.2","172.17.0.3","ICMP","98","Echo (ping) reply    id=0x0005, seq=367/28417, ttl=64 (request in 339)"
"341","156.225288057","02:42:c7:f2:77:18","02:42:ac:11:00:04","ARP","42","172.17.0.3 is at 02:42:c7:f2:77:18"
"342","156.672222159","172.17.0.3","172.17.0.2","ICMP","98","Echo (ping) request  id=0x0005, seq=368/28673, ttl=64 (reply in 343)"
"343","156.672318809","172.17.0.2","172.17.0.3","ICMP","98","Echo (ping) reply    id=0x0005, seq=368/28673, ttl=64 (request in 342)"
"344","157.696222535","172.17.0.3","172.17.0.2","ICMP","98","Echo (ping) request  id=0x0005, seq=369/28929, ttl=64 (reply in 345)"
"345","157.696285191","172.17.0.2","172.17.0.3","ICMP","98","Echo (ping) reply    id=0x0005, seq=369/28929, ttl=64 (request in 344)"
"346","158.225555069","02:42:c7:f2:77:18","02:42:ac:11:00:04","ARP","42","172.17.0.3 is at 02:42:c7:f2:77:18"
"347","158.720220719","172.17.0.3","172.17.0.2","ICMP","98","Echo (ping) request  id=0x0005, seq=370/29185, ttl=64 (reply in 348)"
"348","158.720308823","172.17.0.2","172.17.0.3","ICMP","98","Echo (ping) reply    id=0x0005, seq=370/29185, ttl=64 (request in 347)"
"349","159.744237941","172.17.0.3","172.17.0.2","ICMP","98","Echo (ping) request  id=0x0005, seq=371/29441, ttl=64 (reply in 350)"
"350","159.744332357","172.17.0.2","172.17.0.3","ICMP","98","Echo (ping) reply    id=0x0005, seq=371/29441, ttl=64 (request in 349)"
"351","160.225935484","02:42:c7:f2:77:18","02:42:ac:11:00:04","ARP","42","172.17.0.3 is at 02:42:c7:f2:77:18"
"352","160.768214862","172.17.0.3","172.17.0.2","ICMP","98","Echo (ping) request  id=0x0005, seq=372/29697, ttl=64 (reply in 353)"
"353","160.768291845","172.17.0.2","172.17.0.3","ICMP","98","Echo (ping) reply    id=0x0005, seq=372/29697, ttl=64 (request in 352)"
"354","161.792316258","172.17.0.3","172.17.0.2","ICMP","98","Echo (ping) request  id=0x0005, seq=373/29953, ttl=64 (reply in 355)"
"355","161.792375578","172.17.0.2","172.17.0.3","ICMP","98","Echo (ping) reply    id=0x0005, seq=373/29953, ttl=64 (request in 354)"
"356","162.226336013","02:42:c7:f2:77:18","02:42:ac:11:00:04","ARP","42","172.17.0.3 is at 02:42:c7:f2:77:18"
"357","162.816283705","172.17.0.3","172.17.0.2","ICMP","98","Echo (ping) request  id=0x0005, seq=374/30209, ttl=64 (reply in 358)"
"358","162.816342805","172.17.0.2","172.17.0.3","ICMP","98","Echo (ping) reply    id=0x0005, seq=374/30209, ttl=64 (request in 357)"
"359","163.840232974","172.17.0.3","172.17.0.2","ICMP","98","Echo (ping) request  id=0x0005, seq=375/30465, ttl=64 (reply in 360)"
"360","163.840292535","172.17.0.2","172.17.0.3","ICMP","98","Echo (ping) reply    id=0x0005, seq=375/30465, ttl=64 (request in 359)"
"361","164.226710408","02:42:c7:f2:77:18","02:42:ac:11:00:04","ARP","42","172.17.0.3 is at 02:42:c7:f2:77:18"
"362","164.864002490","172.17.0.3","172.17.0.2","ICMP","98","Echo (ping) request  id=0x0005, seq=376/30721, ttl=64 (reply in 363)"
"363","164.864047975","172.17.0.2","172.17.0.3","ICMP","98","Echo (ping) reply    id=0x0005, seq=376/30721, ttl=64 (request in 362)"
"364","165.888243356","172.17.0.3","172.17.0.2","ICMP","98","Echo (ping) request  id=0x0005, seq=377/30977, ttl=64 (reply in 365)"
"365","165.888322763","172.17.0.2","172.17.0.3","ICMP","98","Echo (ping) reply    id=0x0005, seq=377/30977, ttl=64 (request in 364)"
"366","166.227123195","02:42:c7:f2:77:18","02:42:ac:11:00:04","ARP","42","172.17.0.3 is at 02:42:c7:f2:77:18"
"367","166.912248862","172.17.0.3","172.17.0.2","ICMP","98","Echo (ping) request  id=0x0005, seq=378/31233, ttl=64 (reply in 368)"
"368","166.912324293","172.17.0.2","172.17.0.3","ICMP","98","Echo (ping) reply    id=0x0005, seq=378/31233, ttl=64 (request in 367)"
"369","167.935988619","172.17.0.3","172.17.0.2","ICMP","98","Echo (ping) request  id=0x0005, seq=379/31489, ttl=64 (reply in 370)"
"370","167.936018475","172.17.0.2","172.17.0.3","ICMP","98","Echo (ping) reply    id=0x0005, seq=379/31489, ttl=64 (request in 369)"
"371","168.227651204","02:42:c7:f2:77:18","02:42:ac:11:00:04","ARP","42","172.17.0.3 is at 02:42:c7:f2:77:18"
"372","168.960004778","172.17.0.3","172.17.0.2","ICMP","98","Echo (ping) request  id=0x0005, seq=380/31745, ttl=64 (reply in 373)"
"373","168.960050493","172.17.0.2","172.17.0.3","ICMP","98","Echo (ping) reply    id=0x0005, seq=380/31745, ttl=64 (request in 372)"
"374","169.984344771","172.17.0.3","172.17.0.2","ICMP","98","Echo (ping) request  id=0x0005, seq=381/32001, ttl=64 (reply in 375)"
"375","169.984404383","172.17.0.2","172.17.0.3","ICMP","98","Echo (ping) reply    id=0x0005, seq=381/32001, ttl=64 (request in 374)"
"376","170.228038726","02:42:c7:f2:77:18","02:42:ac:11:00:04","ARP","42","172.17.0.3 is at 02:42:c7:f2:77:18"
"377","171.008220472","172.17.0.3","172.17.0.2","ICMP","98","Echo (ping) request  id=0x0005, seq=382/32257, ttl=64 (reply in 378)"
"378","171.008277889","172.17.0.2","172.17.0.3","ICMP","98","Echo (ping) reply    id=0x0005, seq=382/32257, ttl=64 (request in 377)"
"379","171.008563651","02:42:c7:f2:77:18","02:42:ac:11:00:04","ARP","42","172.17.0.2 is at 02:42:c7:f2:77:18"
"380","172.032003556","172.17.0.3","172.17.0.2","ICMP","98","Echo (ping) request  id=0x0005, seq=383/32513, ttl=64 (reply in 381)"
"381","172.032087873","172.17.0.2","172.17.0.3","ICMP","98","Echo (ping) reply    id=0x0005, seq=383/32513, ttl=64 (request in 380)"
"382","172.228276782","02:42:c7:f2:77:18","02:42:ac:11:00:04","ARP","42","172.17.0.3 is at 02:42:c7:f2:77:18"
"383","173.008979721","02:42:c7:f2:77:18","02:42:ac:11:00:04","ARP","42","172.17.0.2 is at 02:42:c7:f2:77:18"
"384","173.056055420","172.17.0.3","172.17.0.2","ICMP","98","Echo (ping) request  id=0x0005, seq=384/32769, ttl=64 (reply in 385)"
"385","173.056117496","172.17.0.2","172.17.0.3","ICMP","98","Echo (ping) reply    id=0x0005, seq=384/32769, ttl=64 (request in 384)"
"386","174.080227478","172.17.0.3","172.17.0.2","ICMP","98","Echo (ping) request  id=0x0005, seq=385/33025, ttl=64 (reply in 387)"
"387","174.080289303","172.17.0.2","172.17.0.3","ICMP","98","Echo (ping) reply    id=0x0005, seq=385/33025, ttl=64 (request in 386)"
"388","174.228978804","02:42:c7:f2:77:18","02:42:ac:11:00:04","ARP","42","172.17.0.3 is at 02:42:c7:f2:77:18"
"389","175.009484265","02:42:c7:f2:77:18","02:42:ac:11:00:04","ARP","42","172.17.0.2 is at 02:42:c7:f2:77:18"
"390","175.104228795","172.17.0.3","172.17.0.2","ICMP","98","Echo (ping) request  id=0x0005, seq=386/33281, ttl=64 (reply in 391)"
"391","175.104296090","172.17.0.2","172.17.0.3","ICMP","98","Echo (ping) reply    id=0x0005, seq=386/33281, ttl=64 (request in 390)"
"392","175.200154025","02:42:ac:11:00:03","02:42:ac:11:00:02","ARP","42","Who has 172.17.0.2? Tell 172.17.0.3"
"393","175.200213285","02:42:ac:11:00:02","02:42:ac:11:00:03","ARP","42","172.17.0.2 is at 02:42:ac:11:00:02"
"394","176.128370090","172.17.0.3","172.17.0.2","ICMP","98","Echo (ping) request  id=0x0005, seq=387/33537, ttl=64 (reply in 395)"
"395","176.128432336","172.17.0.2","172.17.0.3","ICMP","98","Echo (ping) reply    id=0x0005, seq=387/33537, ttl=64 (request in 394)"
"396","176.229479905","02:42:c7:f2:77:18","02:42:ac:11:00:04","ARP","42","172.17.0.3 is at 02:42:c7:f2:77:18"
"397","177.009725965","02:42:c7:f2:77:18","02:42:ac:11:00:04","ARP","42","172.17.0.2 is at 02:42:c7:f2:77:18"
"398","177.152222876","172.17.0.3","172.17.0.2","ICMP","98","Echo (ping) request  id=0x0005, seq=388/33793, ttl=64 (reply in 399)"
"399","177.152283990","172.17.0.2","172.17.0.3","ICMP","98","Echo (ping) reply    id=0x0005, seq=388/33793, ttl=64 (request in 398)"
"400","178.176296693","172.17.0.3","172.17.0.2","ICMP","98","Echo (ping) request  id=0x0005, seq=389/34049, ttl=64 (reply in 401)"
"401","178.176358217","172.17.0.2","172.17.0.3","ICMP","98","Echo (ping) reply    id=0x0005, seq=389/34049, ttl=64 (request in 400)"
"402","178.229860238","02:42:c7:f2:77:18","02:42:ac:11:00:04","ARP","42","172.17.0.3 is at 02:42:c7:f2:77:18"
"403","179.010237570","02:42:c7:f2:77:18","02:42:ac:11:00:04","ARP","42","172.17.0.2 is at 02:42:c7:f2:77:18"
"404","179.200246272","172.17.0.3","172.17.0.2","ICMP","98","Echo (ping) request  id=0x0005, seq=390/34305, ttl=64 (reply in 405)"
"405","179.200310081","172.17.0.2","172.17.0.3","ICMP","98","Echo (ping) reply    id=0x0005, seq=390/34305, ttl=64 (request in 404)"
"406","180.224302919","172.17.0.3","172.17.0.2","ICMP","98","Echo (ping) request  id=0x0005, seq=391/34561, ttl=64 (reply in 407)"
"407","180.224343815","172.17.0.2","172.17.0.3","ICMP","98","Echo (ping) reply    id=0x0005, seq=391/34561, ttl=64 (request in 406)"
"408","180.230273741","02:42:c7:f2:77:18","02:42:ac:11:00:04","ARP","42","172.17.0.3 is at 02:42:c7:f2:77:18"
"409","181.010641324","02:42:c7:f2:77:18","02:42:ac:11:00:04","ARP","42","172.17.0.2 is at 02:42:c7:f2:77:18"
"410","181.248337763","172.17.0.3","172.17.0.2","ICMP","98","Echo (ping) request  id=0x0005, seq=392/34817, ttl=64 (reply in 411)"
"411","181.248432419","172.17.0.2","172.17.0.3","ICMP","98","Echo (ping) reply    id=0x0005, seq=392/34817, ttl=64 (request in 410)"
"412","182.230520611","02:42:c7:f2:77:18","02:42:ac:11:00:04","ARP","42","172.17.0.3 is at 02:42:c7:f2:77:18"
"413","182.272372025","172.17.0.3","172.17.0.2","ICMP","98","Echo (ping) request  id=0x0005, seq=393/35073, ttl=64 (reply in 414)"
"414","182.272434511","172.17.0.2","172.17.0.3","ICMP","98","Echo (ping) reply    id=0x0005, seq=393/35073, ttl=64 (request in 413)"
"415","183.011004520","02:42:c7:f2:77:18","02:42:ac:11:00:04","ARP","42","172.17.0.2 is at 02:42:c7:f2:77:18"
"416","183.296235720","172.17.0.3","172.17.0.2","ICMP","98","Echo (ping) request  id=0x0005, seq=394/35329, ttl=64 (reply in 417)"
"417","183.296299288","172.17.0.2","172.17.0.3","ICMP","98","Echo (ping) reply    id=0x0005, seq=394/35329, ttl=64 (request in 416)"
"418","184.231024229","02:42:c7:f2:77:18","02:42:ac:11:00:04","ARP","42","172.17.0.3 is at 02:42:c7:f2:77:18"
"419","184.320220803","172.17.0.3","172.17.0.2","ICMP","98","Echo (ping) request  id=0x0005, seq=395/35585, ttl=64 (reply in 420)"
"420","184.320305100","172.17.0.2","172.17.0.3","ICMP","98","Echo (ping) reply    id=0x0005, seq=395/35585, ttl=64 (request in 419)"
"421","185.011382319","02:42:c7:f2:77:18","02:42:ac:11:00:04","ARP","42","172.17.0.2 is at 02:42:c7:f2:77:18"
"422","185.344223135","172.17.0.3","172.17.0.2","ICMP","98","Echo (ping) request  id=0x0005, seq=396/35841, ttl=64 (reply in 423)"
"423","185.344301331","172.17.0.2","172.17.0.3","ICMP","98","Echo (ping) reply    id=0x0005, seq=396/35841, ttl=64 (request in 422)"
"424","186.231426028","02:42:c7:f2:77:18","02:42:ac:11:00:04","ARP","42","172.17.0.3 is at 02:42:c7:f2:77:18"
"425","186.368046959","172.17.0.3","172.17.0.2","ICMP","98","Echo (ping) request  id=0x0005, seq=397/36097, ttl=64 (reply in 426)"
"426","186.368125706","172.17.0.2","172.17.0.3","ICMP","98","Echo (ping) reply    id=0x0005, seq=397/36097, ttl=64 (request in 425)"
"427","187.011912992","02:42:c7:f2:77:18","02:42:ac:11:00:04","ARP","42","172.17.0.2 is at 02:42:c7:f2:77:18"
"428","187.392237416","172.17.0.3","172.17.0.2","ICMP","98","Echo (ping) request  id=0x0005, seq=398/36353, ttl=64 (reply in 429)"
"429","187.392309410","172.17.0.2","172.17.0.3","ICMP","98","Echo (ping) reply    id=0x0005, seq=398/36353, ttl=64 (request in 428)"
"430","188.231829861","02:42:c7:f2:77:18","02:42:ac:11:00:04","ARP","42","172.17.0.3 is at 02:42:c7:f2:77:18"
"431","188.416464729","172.17.0.3","172.17.0.2","ICMP","98","Echo (ping) request  id=0x0005, seq=399/36609, ttl=64 (reply in 432)"
"432","188.416558995","172.17.0.2","172.17.0.3","ICMP","98","Echo (ping) reply    id=0x0005, seq=399/36609, ttl=64 (request in 431)"
"433","189.012395039","02:42:c7:f2:77:18","02:42:ac:11:00:04","ARP","42","172.17.0.2 is at 02:42:c7:f2:77:18"
"434","189.440229796","172.17.0.3","172.17.0.2","ICMP","98","Echo (ping) request  id=0x0005, seq=400/36865, ttl=64 (reply in 435)"
"435","189.440313372","172.17.0.2","172.17.0.3","ICMP","98","Echo (ping) reply    id=0x0005, seq=400/36865, ttl=64 (request in 434)"
"436","189.536159305","02:42:ac:11:00:02","02:42:ac:11:00:03","ARP","42","Who has 172.17.0.3? Tell 172.17.0.2"
"437","189.536216572","02:42:ac:11:00:03","02:42:ac:11:00:02","ARP","42","172.17.0.3 is at 02:42:ac:11:00:03"
"438","190.231991534","02:42:c7:f2:77:18","02:42:ac:11:00:04","ARP","42","172.17.0.3 is at 02:42:c7:f2:77:18"
"439","190.464230354","172.17.0.3","172.17.0.2","ICMP","98","Echo (ping) request  id=0x0005, seq=401/37121, ttl=64 (reply in 440)"
"440","190.464294554","172.17.0.2","172.17.0.3","ICMP","98","Echo (ping) reply    id=0x0005, seq=401/37121, ttl=64 (request in 439)"
"441","191.012806200","02:42:c7:f2:77:18","02:42:ac:11:00:04","ARP","42","172.17.0.2 is at 02:42:c7:f2:77:18"
"442","191.488062298","172.17.0.3","172.17.0.2","ICMP","98","Echo (ping) request  id=0x0005, seq=402/37377, ttl=64 (reply in 443)"
"443","191.488144020","172.17.0.2","172.17.0.3","ICMP","98","Echo (ping) reply    id=0x0005, seq=402/37377, ttl=64 (request in 442)"
"444","192.232132595","02:42:c7:f2:77:18","02:42:ac:11:00:04","ARP","42","172.17.0.3 is at 02:42:c7:f2:77:18"
"445","192.512264887","172.17.0.3","172.17.0.2","ICMP","98","Echo (ping) request  id=0x0005, seq=403/37633, ttl=64 (reply in 446)"
"446","192.512335689","172.17.0.2","172.17.0.3","ICMP","98","Echo (ping) reply    id=0x0005, seq=403/37633, ttl=64 (request in 445)"
"447","193.013014961","02:42:c7:f2:77:18","02:42:ac:11:00:04","ARP","42","172.17.0.2 is at 02:42:c7:f2:77:18"
"448","193.536053500","172.17.0.3","172.17.0.2","ICMP","98","Echo (ping) request  id=0x0005, seq=404/37889, ttl=64 (reply in 449)"
"449","193.536139520","172.17.0.2","172.17.0.3","ICMP","98","Echo (ping) reply    id=0x0005, seq=404/37889, ttl=64 (request in 448)"
"450","194.232290253","02:42:c7:f2:77:18","02:42:ac:11:00:04","ARP","42","172.17.0.3 is at 02:42:c7:f2:77:18"
"451","194.559987361","172.17.0.3","172.17.0.2","ICMP","98","Echo (ping) request  id=0x0005, seq=405/38145, ttl=64 (reply in 452)"
"452","194.560020533","172.17.0.2","172.17.0.3","ICMP","98","Echo (ping) reply    id=0x0005, seq=405/38145, ttl=64 (request in 451)"
"453","195.013543061","02:42:c7:f2:77:18","02:42:ac:11:00:04","ARP","42","172.17.0.2 is at 02:42:c7:f2:77:18"
"454","195.584244478","172.17.0.3","172.17.0.2","ICMP","98","Echo (ping) request  id=0x0005, seq=406/38401, ttl=64 (reply in 455)"
"455","195.584334826","172.17.0.2","172.17.0.3","ICMP","98","Echo (ping) reply    id=0x0005, seq=406/38401, ttl=64 (request in 454)"
"456","196.232475562","02:42:c7:f2:77:18","02:42:ac:11:00:04","ARP","42","172.17.0.3 is at 02:42:c7:f2:77:18"
"457","196.608406850","172.17.0.3","172.17.0.2","ICMP","98","Echo (ping) request  id=0x0005, seq=407/38657, ttl=64 (reply in 458)"
"458","196.608468064","172.17.0.2","172.17.0.3","ICMP","98","Echo (ping) reply    id=0x0005, seq=407/38657, ttl=64 (request in 457)"
"459","197.013930840","02:42:c7:f2:77:18","02:42:ac:11:00:04","ARP","42","172.17.0.2 is at 02:42:c7:f2:77:18"
"460","197.631986355","172.17.0.3","172.17.0.2","ICMP","98","Echo (ping) request  id=0x0005, seq=408/38913, ttl=64 (reply in 461)"
"461","197.632020168","172.17.0.2","172.17.0.3","ICMP","98","Echo (ping) reply    id=0x0005, seq=408/38913, ttl=64 (request in 460)"
"462","197.728170548","02:42:ac:11:00:03","02:42:ac:11:00:02","ARP","42","Who has 172.17.0.2? Tell 172.17.0.3"
"463","197.728237924","02:42:ac:11:00:02","02:42:ac:11:00:03","ARP","42","172.17.0.2 is at 02:42:ac:11:00:02"
"464","198.232882741","02:42:c7:f2:77:18","02:42:ac:11:00:04","ARP","42","172.17.0.3 is at 02:42:c7:f2:77:18"
"465","198.656233922","172.17.0.3","172.17.0.2","ICMP","98","Echo (ping) request  id=0x0005, seq=409/39169, ttl=64 (reply in 466)"
"466","198.656326925","172.17.0.2","172.17.0.3","ICMP","98","Echo (ping) reply    id=0x0005, seq=409/39169, ttl=64 (request in 465)"
"467","199.014314463","02:42:c7:f2:77:18","02:42:ac:11:00:04","ARP","42","172.17.0.2 is at 02:42:c7:f2:77:18"
"468","199.680299932","172.17.0.3","172.17.0.2","ICMP","98","Echo (ping) request  id=0x0005, seq=410/39425, ttl=64 (reply in 469)"
"469","199.680380412","172.17.0.2","172.17.0.3","ICMP","98","Echo (ping) reply    id=0x0005, seq=410/39425, ttl=64 (request in 468)"
"470","200.233027988","02:42:c7:f2:77:18","02:42:ac:11:00:04","ARP","42","172.17.0.3 is at 02:42:c7:f2:77:18"
"471","200.704226074","172.17.0.3","172.17.0.2","ICMP","98","Echo (ping) request  id=0x0005, seq=411/39681, ttl=64 (reply in 472)"
"472","200.704288341","172.17.0.2","172.17.0.3","ICMP","98","Echo (ping) reply    id=0x0005, seq=411/39681, ttl=64 (request in 471)"
"473","201.014699468","02:42:c7:f2:77:18","02:42:ac:11:00:04","ARP","42","172.17.0.2 is at 02:42:c7:f2:77:18"
"474","201.728059362","172.17.0.3","172.17.0.2","ICMP","98","Echo (ping) request  id=0x0005, seq=412/39937, ttl=64 (reply in 475)"
"475","201.728133521","172.17.0.2","172.17.0.3","ICMP","98","Echo (ping) reply    id=0x0005, seq=412/39937, ttl=64 (request in 474)"
"476","202.233366252","02:42:c7:f2:77:18","02:42:ac:11:00:04","ARP","42","172.17.0.3 is at 02:42:c7:f2:77:18"
"477","202.752053610","172.17.0.3","172.17.0.2","ICMP","98","Echo (ping) request  id=0x0005, seq=413/40193, ttl=64 (reply in 478)"
"478","202.752131335","172.17.0.2","172.17.0.3","ICMP","98","Echo (ping) reply    id=0x0005, seq=413/40193, ttl=64 (request in 477)"
"479","203.014855829","02:42:c7:f2:77:18","02:42:ac:11:00:04","ARP","42","172.17.0.2 is at 02:42:c7:f2:77:18"
"480","203.776284074","172.17.0.3","172.17.0.2","ICMP","98","Echo (ping) request  id=0x0005, seq=414/40449, ttl=64 (reply in 481)"
"481","203.776354916","172.17.0.2","172.17.0.3","ICMP","98","Echo (ping) reply    id=0x0005, seq=414/40449, ttl=64 (request in 480)"
"482","204.233754767","02:42:c7:f2:77:18","02:42:ac:11:00:04","ARP","42","172.17.0.3 is at 02:42:c7:f2:77:18"
"483","204.800768271","172.17.0.3","172.17.0.2","ICMP","98","Echo (ping) request  id=0x0005, seq=415/40705, ttl=64 (reply in 484)"
"484","204.800828804","172.17.0.2","172.17.0.3","ICMP","98","Echo (ping) reply    id=0x0005, seq=415/40705, ttl=64 (request in 483)"
"485","205.015050221","02:42:c7:f2:77:18","02:42:ac:11:00:04","ARP","42","172.17.0.2 is at 02:42:c7:f2:77:18"
"486","205.824237155","172.17.0.3","172.17.0.2","ICMP","98","Echo (ping) request  id=0x0005, seq=416/40961, ttl=64 (reply in 487)"
"487","205.824311915","172.17.0.2","172.17.0.3","ICMP","98","Echo (ping) reply    id=0x0005, seq=416/40961, ttl=64 (request in 486)"
"488","206.234224456","02:42:c7:f2:77:18","02:42:ac:11:00:04","ARP","42","172.17.0.3 is at 02:42:c7:f2:77:18"
"489","206.848226716","172.17.0.3","172.17.0.2","ICMP","98","Echo (ping) request  id=0x0005, seq=417/41217, ttl=64 (reply in 490)"
"490","206.848303359","172.17.0.2","172.17.0.3","ICMP","98","Echo (ping) reply    id=0x0005, seq=417/41217, ttl=64 (request in 489)"
"491","207.015507825","02:42:c7:f2:77:18","02:42:ac:11:00:04","ARP","42","172.17.0.2 is at 02:42:c7:f2:77:18"
"492","207.872225206","172.17.0.3","172.17.0.2","ICMP","98","Echo (ping) request  id=0x0005, seq=418/41473, ttl=64 (reply in 493)"
"493","207.872302841","172.17.0.2","172.17.0.3","ICMP","98","Echo (ping) reply    id=0x0005, seq=418/41473, ttl=64 (request in 492)"
"494","208.234512797","02:42:c7:f2:77:18","02:42:ac:11:00:04","ARP","42","172.17.0.3 is at 02:42:c7:f2:77:18"
"495","208.896242691","172.17.0.3","172.17.0.2","ICMP","98","Echo (ping) request  id=0x0005, seq=419/41729, ttl=64 (reply in 496)"
"496","208.896305739","172.17.0.2","172.17.0.3","ICMP","98","Echo (ping) reply    id=0x0005, seq=419/41729, ttl=64 (request in 495)"
"497","209.015889788","02:42:c7:f2:77:18","02:42:ac:11:00:04","ARP","42","172.17.0.2 is at 02:42:c7:f2:77:18"
"498","209.920248678","172.17.0.3","172.17.0.2","ICMP","98","Echo (ping) request  id=0x0005, seq=420/41985, ttl=64 (reply in 499)"
"499","209.920312948","172.17.0.2","172.17.0.3","ICMP","98","Echo (ping) reply    id=0x0005, seq=420/41985, ttl=64 (request in 498)"
"500","210.234920158","02:42:c7:f2:77:18","02:42:ac:11:00:04","ARP","42","172.17.0.3 is at 02:42:c7:f2:77:18"
"501","210.944207917","172.17.0.3","172.17.0.2","ICMP","98","Echo (ping) request  id=0x0005, seq=421/42241, ttl=64 (reply in 502)"
"502","210.944288027","172.17.0.2","172.17.0.3","ICMP","98","Echo (ping) reply    id=0x0005, seq=421/42241, ttl=64 (request in 501)"
"503","211.016345873","02:42:c7:f2:77:18","02:42:ac:11:00:04","ARP","42","172.17.0.2 is at 02:42:c7:f2:77:18"
"504","211.967979398","172.17.0.3","172.17.0.2","ICMP","98","Echo (ping) request  id=0x0005, seq=422/42497, ttl=64 (reply in 505)"
"505","211.968018110","172.17.0.2","172.17.0.3","ICMP","98","Echo (ping) reply    id=0x0005, seq=422/42497, ttl=64 (request in 504)"
"506","212.235397948","02:42:c7:f2:77:18","02:42:ac:11:00:04","ARP","42","172.17.0.3 is at 02:42:c7:f2:77:18"
"507","212.996241772","172.17.0.3","172.17.0.2","ICMP","98","Echo (ping) request  id=0x0005, seq=423/42753, ttl=64 (reply in 508)"
"508","212.996303828","172.17.0.2","172.17.0.3","ICMP","98","Echo (ping) reply    id=0x0005, seq=423/42753, ttl=64 (request in 507)"
"509","213.016727938","02:42:c7:f2:77:18","02:42:ac:11:00:04","ARP","42","172.17.0.2 is at 02:42:c7:f2:77:18"
"510","214.016237568","172.17.0.3","172.17.0.2","ICMP","98","Echo (ping) request  id=0x0005, seq=424/43009, ttl=64 (reply in 511)"
"511","214.016298101","172.17.0.2","172.17.0.3","ICMP","98","Echo (ping) reply    id=0x0005, seq=424/43009, ttl=64 (request in 510)"
"512","214.235594044","02:42:c7:f2:77:18","02:42:ac:11:00:04","ARP","42","172.17.0.3 is at 02:42:c7:f2:77:18"
"513","215.017006039","02:42:c7:f2:77:18","02:42:ac:11:00:04","ARP","42","172.17.0.2 is at 02:42:c7:f2:77:18"
"514","215.040097923","172.17.0.3","172.17.0.2","ICMP","98","Echo (ping) request  id=0x0005, seq=425/43265, ttl=64 (reply in 515)"
"515","215.040179536","172.17.0.2","172.17.0.3","ICMP","98","Echo (ping) reply    id=0x0005, seq=425/43265, ttl=64 (request in 514)"
"516","216.064239438","172.17.0.3","172.17.0.2","ICMP","98","Echo (ping) request  id=0x0005, seq=426/43521, ttl=64 (reply in 517)"
"517","216.064317464","172.17.0.2","172.17.0.3","ICMP","98","Echo (ping) reply    id=0x0005, seq=426/43521, ttl=64 (request in 516)"
"518","216.236038689","02:42:c7:f2:77:18","02:42:ac:11:00:04","ARP","42","172.17.0.3 is at 02:42:c7:f2:77:18"
"519","217.017220286","02:42:c7:f2:77:18","02:42:ac:11:00:04","ARP","42","172.17.0.2 is at 02:42:c7:f2:77:18"
"520","217.088155707","172.17.0.3","172.17.0.2","ICMP","98","Echo (ping) request  id=0x0005, seq=427/43777, ttl=64 (reply in 521)"
"521","217.088239544","172.17.0.2","172.17.0.3","ICMP","98","Echo (ping) reply    id=0x0005, seq=427/43777, ttl=64 (request in 520)"
"522","218.112247269","172.17.0.3","172.17.0.2","ICMP","98","Echo (ping) request  id=0x0005, seq=428/44033, ttl=64 (reply in 523)"
"523","218.112335774","172.17.0.2","172.17.0.3","ICMP","98","Echo (ping) reply    id=0x0005, seq=428/44033, ttl=64 (request in 522)"
"524","218.236437777","02:42:c7:f2:77:18","02:42:ac:11:00:04","ARP","42","172.17.0.3 is at 02:42:c7:f2:77:18"
"525","219.017606459","02:42:c7:f2:77:18","02:42:ac:11:00:04","ARP","42","172.17.0.2 is at 02:42:c7:f2:77:18"
"526","219.136224551","172.17.0.3","172.17.0.2","ICMP","98","Echo (ping) request  id=0x0005, seq=429/44289, ttl=64 (reply in 527)"
"527","219.136295243","172.17.0.2","172.17.0.3","ICMP","98","Echo (ping) reply    id=0x0005, seq=429/44289, ttl=64 (request in 526)"
"528","220.160056584","172.17.0.3","172.17.0.2","ICMP","98","Echo (ping) request  id=0x0005, seq=430/44545, ttl=64 (reply in 529)"
"529","220.160116857","172.17.0.2","172.17.0.3","ICMP","98","Echo (ping) reply    id=0x0005, seq=430/44545, ttl=64 (request in 528)"
"530","220.236872121","02:42:c7:f2:77:18","02:42:ac:11:00:04","ARP","42","172.17.0.3 is at 02:42:c7:f2:77:18"
"531","220.256058621","02:42:ac:11:00:03","02:42:ac:11:00:02","ARP","42","Who has 172.17.0.2? Tell 172.17.0.3"
"532","220.256128060","02:42:ac:11:00:02","02:42:ac:11:00:03","ARP","42","172.17.0.2 is at 02:42:ac:11:00:02"
"533","221.017972936","02:42:c7:f2:77:18","02:42:ac:11:00:04","ARP","42","172.17.0.2 is at 02:42:c7:f2:77:18"
"534","221.184268262","172.17.0.3","172.17.0.2","ICMP","98","Echo (ping) request  id=0x0005, seq=431/44801, ttl=64 (reply in 535)"
"535","221.184303899","172.17.0.2","172.17.0.3","ICMP","98","Echo (ping) reply    id=0x0005, seq=431/44801, ttl=64 (request in 534)"
"536","222.208044663","172.17.0.3","172.17.0.2","ICMP","98","Echo (ping) request  id=0x0005, seq=432/45057, ttl=64 (reply in 537)"
"537","222.208105216","172.17.0.2","172.17.0.3","ICMP","98","Echo (ping) reply    id=0x0005, seq=432/45057, ttl=64 (request in 536)"
"538","222.237272317","02:42:c7:f2:77:18","02:42:ac:11:00:04","ARP","42","172.17.0.3 is at 02:42:c7:f2:77:18"
"539","223.018361740","02:42:c7:f2:77:18","02:42:ac:11:00:04","ARP","42","172.17.0.2 is at 02:42:c7:f2:77:18"
"540","223.232178211","172.17.0.3","172.17.0.2","ICMP","98","Echo (ping) request  id=0x0005, seq=433/45313, ttl=64 (reply in 541)"
"541","223.232245336","172.17.0.2","172.17.0.3","ICMP","98","Echo (ping) reply    id=0x0005, seq=433/45313, ttl=64 (request in 540)"
"542","224.237673152","02:42:c7:f2:77:18","02:42:ac:11:00:04","ARP","42","172.17.0.3 is at 02:42:c7:f2:77:18"
"543","224.256313816","172.17.0.3","172.17.0.2","ICMP","98","Echo (ping) request  id=0x0005, seq=434/45569, ttl=64 (reply in 544)"
"544","224.256375611","172.17.0.2","172.17.0.3","ICMP","98","Echo (ping) reply    id=0x0005, seq=434/45569, ttl=64 (request in 543)"
"545","225.018895210","02:42:c7:f2:77:18","02:42:ac:11:00:04","ARP","42","172.17.0.2 is at 02:42:c7:f2:77:18"
"546","225.280464340","172.17.0.3","172.17.0.2","ICMP","98","Echo (ping) request  id=0x0005, seq=435/45825, ttl=64 (reply in 547)"
"547","225.280544620","172.17.0.2","172.17.0.3","ICMP","98","Echo (ping) reply    id=0x0005, seq=435/45825, ttl=64 (request in 546)"
"548","226.238104979","02:42:c7:f2:77:18","02:42:ac:11:00:04","ARP","42","172.17.0.3 is at 02:42:c7:f2:77:18"
"549","226.304364843","172.17.0.3","172.17.0.2","ICMP","98","Echo (ping) request  id=0x0005, seq=436/46081, ttl=64 (reply in 550)"
"550","226.304442157","172.17.0.2","172.17.0.3","ICMP","98","Echo (ping) reply    id=0x0005, seq=436/46081, ttl=64 (request in 549)"
"551","227.019276053","02:42:c7:f2:77:18","02:42:ac:11:00:04","ARP","42","172.17.0.2 is at 02:42:c7:f2:77:18"
"552","227.328242010","172.17.0.3","172.17.0.2","ICMP","98","Echo (ping) request  id=0x0005, seq=437/46337, ttl=64 (reply in 553)"
"553","227.328318834","172.17.0.2","172.17.0.3","ICMP","98","Echo (ping) reply    id=0x0005, seq=437/46337, ttl=64 (request in 552)"
"554","228.238542262","02:42:c7:f2:77:18","02:42:ac:11:00:04","ARP","42","172.17.0.3 is at 02:42:c7:f2:77:18"
"555","228.352365100","172.17.0.3","172.17.0.2","ICMP","98","Echo (ping) request  id=0x0005, seq=438/46593, ttl=64 (reply in 556)"
"556","228.352453075","172.17.0.2","172.17.0.3","ICMP","98","Echo (ping) reply    id=0x0005, seq=438/46593, ttl=64 (request in 555)"
"557","229.019822824","02:42:c7:f2:77:18","02:42:ac:11:00:04","ARP","42","172.17.0.2 is at 02:42:c7:f2:77:18"
"558","229.376053468","172.17.0.3","172.17.0.2","ICMP","98","Echo (ping) request  id=0x0005, seq=439/46849, ttl=64 (reply in 559)"
"559","229.376123519","172.17.0.2","172.17.0.3","ICMP","98","Echo (ping) reply    id=0x0005, seq=439/46849, ttl=64 (request in 558)"
"560","230.238764484","02:42:c7:f2:77:18","02:42:ac:11:00:04","ARP","42","172.17.0.3 is at 02:42:c7:f2:77:18"
"561","230.400055573","172.17.0.3","172.17.0.2","ICMP","98","Echo (ping) request  id=0x0005, seq=440/47105, ttl=64 (reply in 562)"
"562","230.400132777","172.17.0.2","172.17.0.3","ICMP","98","Echo (ping) reply    id=0x0005, seq=440/47105, ttl=64 (request in 561)"
"563","231.019979431","02:42:c7:f2:77:18","02:42:ac:11:00:04","ARP","42","172.17.0.2 is at 02:42:c7:f2:77:18"
"564","231.424221106","172.17.0.3","172.17.0.2","ICMP","98","Echo (ping) request  id=0x0005, seq=441/47361, ttl=64 (reply in 565)"
"565","231.424282000","172.17.0.2","172.17.0.3","ICMP","98","Echo (ping) reply    id=0x0005, seq=441/47361, ttl=64 (request in 564)"
"566","232.239144082","02:42:c7:f2:77:18","02:42:ac:11:00:04","ARP","42","172.17.0.3 is at 02:42:c7:f2:77:18"
"567","232.448037485","172.17.0.3","172.17.0.2","ICMP","98","Echo (ping) request  id=0x0005, seq=442/47617, ttl=64 (reply in 568)"
"568","232.448097367","172.17.0.2","172.17.0.3","ICMP","98","Echo (ping) reply    id=0x0005, seq=442/47617, ttl=64 (request in 567)"
"569","233.020151856","02:42:c7:f2:77:18","02:42:ac:11:00:04","ARP","42","172.17.0.2 is at 02:42:c7:f2:77:18"
"570","233.472149229","172.17.0.3","172.17.0.2","ICMP","98","Echo (ping) request  id=0x0005, seq=443/47873, ttl=64 (reply in 571)"
"571","233.472185256","172.17.0.2","172.17.0.3","ICMP","98","Echo (ping) reply    id=0x0005, seq=443/47873, ttl=64 (request in 570)"
"572","234.239524813","02:42:c7:f2:77:18","02:42:ac:11:00:04","ARP","42","172.17.0.3 is at 02:42:c7:f2:77:18"
"573","234.496232089","172.17.0.3","172.17.0.2","ICMP","98","Echo (ping) request  id=0x0005, seq=444/48129, ttl=64 (reply in 574)"
"574","234.496293584","172.17.0.2","172.17.0.3","ICMP","98","Echo (ping) reply    id=0x0005, seq=444/48129, ttl=64 (request in 573)"
"575","235.020372362","02:42:c7:f2:77:18","02:42:ac:11:00:04","ARP","42","172.17.0.2 is at 02:42:c7:f2:77:18"
"576","235.520223065","172.17.0.3","172.17.0.2","ICMP","98","Echo (ping) request  id=0x0005, seq=445/48385, ttl=64 (reply in 577)"
"577","235.520304227","172.17.0.2","172.17.0.3","ICMP","98","Echo (ping) reply    id=0x0005, seq=445/48385, ttl=64 (request in 576)"
"578","236.239738794","02:42:c7:f2:77:18","02:42:ac:11:00:04","ARP","42","172.17.0.3 is at 02:42:c7:f2:77:18"
"579","236.544246541","172.17.0.3","172.17.0.2","ICMP","98","Echo (ping) request  id=0x0005, seq=446/48641, ttl=64 (reply in 580)"
"580","236.544320869","172.17.0.2","172.17.0.3","ICMP","98","Echo (ping) reply    id=0x0005, seq=446/48641, ttl=64 (request in 579)"
"581","237.020753000","02:42:c7:f2:77:18","02:42:ac:11:00:04","ARP","42","172.17.0.2 is at 02:42:c7:f2:77:18"
"582","237.568227317","172.17.0.3","172.17.0.2","ICMP","98","Echo (ping) request  id=0x0005, seq=447/48897, ttl=64 (reply in 583)"
"583","237.568306775","172.17.0.2","172.17.0.3","ICMP","98","Echo (ping) reply    id=0x0005, seq=447/48897, ttl=64 (request in 582)"
"584","238.240256100","02:42:c7:f2:77:18","02:42:ac:11:00:04","ARP","42","172.17.0.3 is at 02:42:c7:f2:77:18"
"585","238.592048604","172.17.0.3","172.17.0.2","ICMP","98","Echo (ping) request  id=0x0005, seq=448/49153, ttl=64 (reply in 586)"
"586","238.592123844","172.17.0.2","172.17.0.3","ICMP","98","Echo (ping) reply    id=0x0005, seq=448/49153, ttl=64 (request in 585)"
"587","239.021151384","02:42:c7:f2:77:18","02:42:ac:11:00:04","ARP","42","172.17.0.2 is at 02:42:c7:f2:77:18"
"588","239.616056147","172.17.0.3","172.17.0.2","ICMP","98","Echo (ping) request  id=0x0005, seq=449/49409, ttl=64 (reply in 589)"
"589","239.616152136","172.17.0.2","172.17.0.3","ICMP","98","Echo (ping) reply    id=0x0005, seq=449/49409, ttl=64 (request in 588)"
"590","240.240637522","02:42:c7:f2:77:18","02:42:ac:11:00:04","ARP","42","172.17.0.3 is at 02:42:c7:f2:77:18"
"591","240.640143326","172.17.0.3","172.17.0.2","ICMP","98","Echo (ping) request  id=0x0005, seq=450/49665, ttl=64 (reply in 592)"
"592","240.640181568","172.17.0.2","172.17.0.3","ICMP","98","Echo (ping) reply    id=0x0005, seq=450/49665, ttl=64 (request in 591)"
"593","240.736166100","02:42:ac:11:00:02","02:42:ac:11:00:03","ARP","42","Who has 172.17.0.3? Tell 172.17.0.2"
"594","240.736281186","02:42:ac:11:00:03","02:42:ac:11:00:02","ARP","42","172.17.0.3 is at 02:42:ac:11:00:03"
"595","241.021789819","02:42:c7:f2:77:18","02:42:ac:11:00:04","ARP","42","172.17.0.2 is at 02:42:c7:f2:77:18"
"596","241.664237981","172.17.0.3","172.17.0.2","ICMP","98","Echo (ping) request  id=0x0005, seq=451/49921, ttl=64 (reply in 597)"
"597","241.664316097","172.17.0.2","172.17.0.3","ICMP","98","Echo (ping) reply    id=0x0005, seq=451/49921, ttl=64 (request in 596)"
"598","242.240780810","02:42:c7:f2:77:18","02:42:ac:11:00:04","ARP","42","172.17.0.3 is at 02:42:c7:f2:77:18"
"599","242.688232432","172.17.0.3","172.17.0.2","ICMP","98","Echo (ping) request  id=0x0005, seq=452/50177, ttl=64 (reply in 600)"
"600","242.688303364","172.17.0.2","172.17.0.3","ICMP","98","Echo (ping) reply    id=0x0005, seq=452/50177, ttl=64 (request in 599)"
"601","242.784164780","02:42:ac:11:00:03","02:42:ac:11:00:02","ARP","42","Who has 172.17.0.2? Tell 172.17.0.3"
"602","242.784229260","02:42:ac:11:00:02","02:42:ac:11:00:03","ARP","42","172.17.0.2 is at 02:42:ac:11:00:02"
"603","243.021935832","02:42:c7:f2:77:18","02:42:ac:11:00:04","ARP","42","172.17.0.2 is at 02:42:c7:f2:77:18"
"604","243.712408612","172.17.0.3","172.17.0.2","ICMP","98","Echo (ping) request  id=0x0005, seq=453/50433, ttl=64 (reply in 605)"
"605","243.712487108","172.17.0.2","172.17.0.3","ICMP","98","Echo (ping) reply    id=0x0005, seq=453/50433, ttl=64 (request in 604)"
"606","244.241191373","02:42:c7:f2:77:18","02:42:ac:11:00:04","ARP","42","172.17.0.3 is at 02:42:c7:f2:77:18"
"607","244.736225237","172.17.0.3","172.17.0.2","ICMP","98","Echo (ping) request  id=0x0005, seq=454/50689, ttl=64 (reply in 608)"
"608","244.736321607","172.17.0.2","172.17.0.3","ICMP","98","Echo (ping) reply    id=0x0005, seq=454/50689, ttl=64 (request in 607)"
"609","245.022500064","02:42:c7:f2:77:18","02:42:ac:11:00:04","ARP","42","172.17.0.2 is at 02:42:c7:f2:77:18"
"610","245.760217658","172.17.0.3","172.17.0.2","ICMP","98","Echo (ping) request  id=0x0005, seq=455/50945, ttl=64 (reply in 611)"
"611","245.760300934","172.17.0.2","172.17.0.3","ICMP","98","Echo (ping) reply    id=0x0005, seq=455/50945, ttl=64 (request in 610)"
"612","246.241606315","02:42:c7:f2:77:18","02:42:ac:11:00:04","ARP","42","172.17.0.3 is at 02:42:c7:f2:77:18"
"613","246.784055187","172.17.0.3","172.17.0.2","ICMP","98","Echo (ping) request  id=0x0005, seq=456/51201, ttl=64 (reply in 614)"
"614","246.784117213","172.17.0.2","172.17.0.3","ICMP","98","Echo (ping) reply    id=0x0005, seq=456/51201, ttl=64 (request in 613)"
"615","247.022894326","02:42:c7:f2:77:18","02:42:ac:11:00:04","ARP","42","172.17.0.2 is at 02:42:c7:f2:77:18"
"616","247.808020322","172.17.0.3","172.17.0.2","ICMP","98","Echo (ping) request  id=0x0005, seq=457/51457, ttl=64 (reply in 617)"
"617","247.808079973","172.17.0.2","172.17.0.3","ICMP","98","Echo (ping) reply    id=0x0005, seq=457/51457, ttl=64 (request in 616)"
"618","248.241760272","02:42:c7:f2:77:18","02:42:ac:11:00:04","ARP","42","172.17.0.3 is at 02:42:c7:f2:77:18"
"619","248.832211762","172.17.0.3","172.17.0.2","ICMP","98","Echo (ping) request  id=0x0005, seq=458/51713, ttl=64 (reply in 620)"
"620","248.832256276","172.17.0.2","172.17.0.3","ICMP","98","Echo (ping) reply    id=0x0005, seq=458/51713, ttl=64 (request in 619)"
"621","249.023445444","02:42:c7:f2:77:18","02:42:ac:11:00:04","ARP","42","172.17.0.2 is at 02:42:c7:f2:77:18"
"622","249.856043078","172.17.0.3","172.17.0.2","ICMP","98","Echo (ping) request  id=0x0005, seq=459/51969, ttl=64 (reply in 623)"
"623","249.856146692","172.17.0.2","172.17.0.3","ICMP","98","Echo (ping) reply    id=0x0005, seq=459/51969, ttl=64 (request in 622)"
"624","250.242153979","02:42:c7:f2:77:18","02:42:ac:11:00:04","ARP","42","172.17.0.3 is at 02:42:c7:f2:77:18"
"625","250.880231980","172.17.0.3","172.17.0.2","ICMP","98","Echo (ping) request  id=0x0005, seq=460/52225, ttl=64 (reply in 626)"
"626","250.880293405","172.17.0.2","172.17.0.3","ICMP","98","Echo (ping) reply    id=0x0005, seq=460/52225, ttl=64 (request in 625)"
"627","251.023887399","02:42:c7:f2:77:18","02:42:ac:11:00:04","ARP","42","172.17.0.2 is at 02:42:c7:f2:77:18"
"628","251.904326870","172.17.0.3","172.17.0.2","ICMP","98","Echo (ping) request  id=0x0005, seq=461/52481, ttl=64 (reply in 629)"
"629","251.904407271","172.17.0.2","172.17.0.3","ICMP","98","Echo (ping) reply    id=0x0005, seq=461/52481, ttl=64 (request in 628)"
"630","252.242553456","02:42:c7:f2:77:18","02:42:ac:11:00:04","ARP","42","172.17.0.3 is at 02:42:c7:f2:77:18"
"631","252.928264601","172.17.0.3","172.17.0.2","ICMP","98","Echo (ping) request  id=0x0005, seq=462/52737, ttl=64 (reply in 632)"
"632","252.928354209","172.17.0.2","172.17.0.3","ICMP","98","Echo (ping) reply    id=0x0005, seq=462/52737, ttl=64 (request in 631)"
"633","253.024336697","02:42:c7:f2:77:18","02:42:ac:11:00:04","ARP","42","172.17.0.2 is at 02:42:c7:f2:77:18"
"634","253.952092590","172.17.0.3","172.17.0.2","ICMP","98","Echo (ping) request  id=0x0005, seq=463/52993, ttl=64 (reply in 635)"
"635","253.952171778","172.17.0.2","172.17.0.3","ICMP","98","Echo (ping) reply    id=0x0005, seq=463/52993, ttl=64 (request in 634)"
"636","254.242943301","02:42:c7:f2:77:18","02:42:ac:11:00:04","ARP","42","172.17.0.3 is at 02:42:c7:f2:77:18"
"637","254.976217520","172.17.0.3","172.17.0.2","ICMP","98","Echo (ping) request  id=0x0005, seq=464/53249, ttl=64 (reply in 638)"
"638","254.976294915","172.17.0.2","172.17.0.3","ICMP","98","Echo (ping) reply    id=0x0005, seq=464/53249, ttl=64 (request in 637)"
"639","255.024534019","02:42:c7:f2:77:18","02:42:ac:11:00:04","ARP","42","172.17.0.2 is at 02:42:c7:f2:77:18"
"640","256.000307411","172.17.0.3","172.17.0.2","ICMP","98","Echo (ping) request  id=0x0005, seq=465/53505, ttl=64 (reply in 641)"
"641","256.000391629","172.17.0.2","172.17.0.3","ICMP","98","Echo (ping) reply    id=0x0005, seq=465/53505, ttl=64 (request in 640)"
"642","256.243428956","02:42:c7:f2:77:18","02:42:ac:11:00:04","ARP","42","172.17.0.3 is at 02:42:c7:f2:77:18"
"643","257.024049222","172.17.0.3","172.17.0.2","ICMP","98","Echo (ping) request  id=0x0005, seq=466/53761, ttl=64 (reply in 644)"
"644","257.024128260","172.17.0.2","172.17.0.3","ICMP","98","Echo (ping) reply    id=0x0005, seq=466/53761, ttl=64 (request in 643)"
"645","257.024726578","02:42:c7:f2:77:18","02:42:ac:11:00:04","ARP","42","172.17.0.2 is at 02:42:c7:f2:77:18"
"646","258.048224919","172.17.0.3","172.17.0.2","ICMP","98","Echo (ping) request  id=0x0005, seq=467/54017, ttl=64 (reply in 647)"
"647","258.048301402","172.17.0.2","172.17.0.3","ICMP","98","Echo (ping) reply    id=0x0005, seq=467/54017, ttl=64 (request in 646)"
"648","258.243828199","02:42:c7:f2:77:18","02:42:ac:11:00:04","ARP","42","172.17.0.3 is at 02:42:c7:f2:77:18"
"649","259.024980185","02:42:c7:f2:77:18","02:42:ac:11:00:04","ARP","42","172.17.0.2 is at 02:42:c7:f2:77:18"
"650","259.072372787","172.17.0.3","172.17.0.2","ICMP","98","Echo (ping) request  id=0x0005, seq=468/54273, ttl=64 (reply in 651)"
"651","259.072433481","172.17.0.2","172.17.0.3","ICMP","98","Echo (ping) reply    id=0x0005, seq=468/54273, ttl=64 (request in 650)"
"652","260.096228965","172.17.0.3","172.17.0.2","ICMP","98","Echo (ping) request  id=0x0005, seq=469/54529, ttl=64 (reply in 653)"
"653","260.096315477","172.17.0.2","172.17.0.3","ICMP","98","Echo (ping) reply    id=0x0005, seq=469/54529, ttl=64 (request in 652)"
"654","260.244398957","02:42:c7:f2:77:18","02:42:ac:11:00:04","ARP","42","172.17.0.3 is at 02:42:c7:f2:77:18"
"655","261.025232159","02:42:c7:f2:77:18","02:42:ac:11:00:04","ARP","42","172.17.0.2 is at 02:42:c7:f2:77:18"
"656","261.120220224","172.17.0.3","172.17.0.2","ICMP","98","Echo (ping) request  id=0x0005, seq=470/54785, ttl=64 (reply in 657)"
"657","261.120281038","172.17.0.2","172.17.0.3","ICMP","98","Echo (ping) reply    id=0x0005, seq=470/54785, ttl=64 (request in 656)"
"658","262.144407776","172.17.0.3","172.17.0.2","ICMP","98","Echo (ping) request  id=0x0005, seq=471/55041, ttl=64 (reply in 659)"
"659","262.144484490","172.17.0.2","172.17.0.3","ICMP","98","Echo (ping) reply    id=0x0005, seq=471/55041, ttl=64 (request in 658)"
"660","262.244891986","02:42:c7:f2:77:18","02:42:ac:11:00:04","ARP","42","172.17.0.3 is at 02:42:c7:f2:77:18"
"661","263.025761854","02:42:c7:f2:77:18","02:42:ac:11:00:04","ARP","42","172.17.0.2 is at 02:42:c7:f2:77:18"
"662","263.168231480","172.17.0.3","172.17.0.2","ICMP","98","Echo (ping) request  id=0x0005, seq=472/55297, ttl=64 (reply in 663)"
"663","263.168292895","172.17.0.2","172.17.0.3","ICMP","98","Echo (ping) reply    id=0x0005, seq=472/55297, ttl=64 (request in 662)"
"664","264.192057554","172.17.0.3","172.17.0.2","ICMP","98","Echo (ping) request  id=0x0005, seq=473/55553, ttl=64 (reply in 665)"
"665","264.192135229","172.17.0.2","172.17.0.3","ICMP","98","Echo (ping) reply    id=0x0005, seq=473/55553, ttl=64 (request in 664)"
"666","264.245114293","02:42:c7:f2:77:18","02:42:ac:11:00:04","ARP","42","172.17.0.3 is at 02:42:c7:f2:77:18"
"667","265.026218709","02:42:c7:f2:77:18","02:42:ac:11:00:04","ARP","42","172.17.0.2 is at 02:42:c7:f2:77:18"
"668","265.216006473","172.17.0.3","172.17.0.2","ICMP","98","Echo (ping) request  id=0x0005, seq=474/55809, ttl=64 (reply in 669)"
"669","265.216043813","172.17.0.2","172.17.0.3","ICMP","98","Echo (ping) reply    id=0x0005, seq=474/55809, ttl=64 (request in 668)"
"670","265.312164811","02:42:ac:11:00:03","02:42:ac:11:00:02","ARP","42","Who has 172.17.0.2? Tell 172.17.0.3"
"671","265.312218782","02:42:ac:11:00:02","02:42:ac:11:00:03","ARP","42","172.17.0.2 is at 02:42:ac:11:00:02"
"672","266.240231986","172.17.0.3","172.17.0.2","ICMP","98","Echo (ping) request  id=0x0005, seq=475/56065, ttl=64 (reply in 673)"
"673","266.240293912","172.17.0.2","172.17.0.3","ICMP","98","Echo (ping) reply    id=0x0005, seq=475/56065, ttl=64 (request in 672)"
"674","266.246041963","02:42:c7:f2:77:18","02:42:ac:11:00:04","ARP","42","172.17.0.3 is at 02:42:c7:f2:77:18"
"675","267.026423441","02:42:c7:f2:77:18","02:42:ac:11:00:04","ARP","42","172.17.0.2 is at 02:42:c7:f2:77:18"
"676","267.264244551","172.17.0.3","172.17.0.2","ICMP","98","Echo (ping) request  id=0x0005, seq=476/56321, ttl=64 (reply in 677)"
"677","267.264306397","172.17.0.2","172.17.0.3","ICMP","98","Echo (ping) reply    id=0x0005, seq=476/56321, ttl=64 (request in 676)"
"678","268.246338288","02:42:c7:f2:77:18","02:42:ac:11:00:04","ARP","42","172.17.0.3 is at 02:42:c7:f2:77:18"
"679","268.288074055","172.17.0.3","172.17.0.2","ICMP","98","Echo (ping) request  id=0x0005, seq=477/56577, ttl=64 (reply in 680)"
"680","268.288164825","172.17.0.2","172.17.0.3","ICMP","98","Echo (ping) reply    id=0x0005, seq=477/56577, ttl=64 (request in 679)"
"681","269.026806919","02:42:c7:f2:77:18","02:42:ac:11:00:04","ARP","42","172.17.0.2 is at 02:42:c7:f2:77:18"
"682","269.312335484","172.17.0.3","172.17.0.2","ICMP","98","Echo (ping) request  id=0x0005, seq=478/56833, ttl=64 (reply in 683)"
"683","269.312413419","172.17.0.2","172.17.0.3","ICMP","98","Echo (ping) reply    id=0x0005, seq=478/56833, ttl=64 (request in 682)"
"684","270.246991752","02:42:c7:f2:77:18","02:42:ac:11:00:04","ARP","42","172.17.0.3 is at 02:42:c7:f2:77:18"
"685","270.336466725","172.17.0.3","172.17.0.2","ICMP","98","Echo (ping) request  id=0x0005, seq=479/57089, ttl=64 (reply in 686)"
"686","270.336527779","172.17.0.2","172.17.0.3","ICMP","98","Echo (ping) reply    id=0x0005, seq=479/57089, ttl=64 (request in 685)"
"687","271.027182753","02:42:c7:f2:77:18","02:42:ac:11:00:04","ARP","42","172.17.0.2 is at 02:42:c7:f2:77:18"
"688","271.360326034","172.17.0.3","172.17.0.2","ICMP","98","Echo (ping) request  id=0x0005, seq=480/57345, ttl=64 (reply in 689)"
"689","271.360404480","172.17.0.2","172.17.0.3","ICMP","98","Echo (ping) reply    id=0x0005, seq=480/57345, ttl=64 (request in 688)"
"690","272.247396834","02:42:c7:f2:77:18","02:42:ac:11:00:04","ARP","42","172.17.0.3 is at 02:42:c7:f2:77:18"
"691","272.384077646","172.17.0.3","172.17.0.2","ICMP","98","Echo (ping) request  id=0x0005, seq=481/57601, ttl=64 (reply in 692)"
"692","272.384157245","172.17.0.2","172.17.0.3","ICMP","98","Echo (ping) reply    id=0x0005, seq=481/57601, ttl=64 (request in 691)"
"693","273.027490394","02:42:c7:f2:77:18","02:42:ac:11:00:04","ARP","42","172.17.0.2 is at 02:42:c7:f2:77:18"
"694","273.408215768","172.17.0.3","172.17.0.2","ICMP","98","Echo (ping) request  id=0x0005, seq=482/57857, ttl=64 (reply in 695)"
"695","273.408276702","172.17.0.2","172.17.0.3","ICMP","98","Echo (ping) reply    id=0x0005, seq=482/57857, ttl=64 (request in 694)"
"696","274.247597821","02:42:c7:f2:77:18","02:42:ac:11:00:04","ARP","42","172.17.0.3 is at 02:42:c7:f2:77:18"
"697","274.431984378","172.17.0.3","172.17.0.2","ICMP","98","Echo (ping) request  id=0x0005, seq=483/58113, ttl=64 (reply in 698)"
"698","274.432014174","172.17.0.2","172.17.0.3","ICMP","98","Echo (ping) reply    id=0x0005, seq=483/58113, ttl=64 (request in 697)"
"699","275.027675843","02:42:c7:f2:77:18","02:42:ac:11:00:04","ARP","42","172.17.0.2 is at 02:42:c7:f2:77:18"
